-- MySQL dump 10.13  Distrib 8.4.3, for macos14.4 (arm64)
--
-- Host: eu-cluster-west-01.k8s.cleardb.net    Database: heroku_d1901de0b18d6e4
-- ------------------------------------------------------
-- Server version	8.0.20
/*!40103 SET @OLD_TIME_ZONE=@@TIME_ZONE */;
/*!40103 SET TIME_ZONE='+00:00' */;
/*!40014 SET @OLD_UNIQUE_CHECKS=@@UNIQUE_CHECKS, UNIQUE_CHECKS=0 */;
/*!40014 SET @OLD_FOREIGN_KEY_CHECKS=@@FOREIGN_KEY_CHECKS, FOREIGN_KEY_CHECKS=0 */;
/*!40101 SET @OLD_SQL_MODE=@@SQL_MODE, SQL_MODE='NO_AUTO_VALUE_ON_ZERO,ANSI' */;
/*!40111 SET @OLD_SQL_NOTES=@@SQL_NOTES, SQL_NOTES=0 */;
SET @MYSQLDUMP_TEMP_LOG_BIN = @@SESSION.SQL_LOG_BIN;
SET @@SESSION.SQL_LOG_BIN= 0;

--
-- GTID state at the beginning of the backup 
--

SET @@GLOBAL.GTID_PURGED=/*!80000 '+'*/ '0dc130cb-7c02-11ef-8881-3a062c467ba7:1-636,
2668430b-c07c-11ee-b23d-ff3f3a1e3939:1-2524592,
47f58cc6-8fb7-11ee-93d6-b60521a029a4:1-50,
4ea423bc-0710-11ef-968b-c2d88229b643:1-1295,
65dd3588-78a1-11ee-b126-ffd086e6313d:1-1622464,
6bdae23d-c07c-11ee-a3a3-2257b4b879cb:1-48,
78db6523-da16-11ee-8e14-96b9057daa22:1-73,
84b3bedd-f007-11ee-b6e9-2ab0047b95bb:1-6176806,
86a6afcf-45d4-11ee-85d2-4a92d512f212:1-159186,
c794e26f-cd84-11ee-b829-62faae7ba72b:1-9,
e02a53d3-ccf3-11ee-b86b-6e80cd2ff369:1';

--
-- Table structure for table "customer_issue"
--

DROP TABLE IF EXISTS "customer_issue";
/*!40101 SET @saved_cs_client     = @@character_set_client */;
/*!50503 SET character_set_client = utf8mb4 */;
CREATE TABLE "customer_issue" (
  "id" int NOT NULL AUTO_INCREMENT,
  "order_id" int DEFAULT NULL,
  "owner" varchar(255) DEFAULT NULL,
  "state" enum('open','closed','pending_return','pending_refund','refunded','declined') DEFAULT NULL,
  "type" varchar(255) NOT NULL,
  "created_at" datetime NOT NULL,
  "updated_at" datetime NOT NULL,
  "closed_at" datetime DEFAULT NULL,
  PRIMARY KEY ("id"),
  KEY "FK_CI_SC_1" ("order_id"),
  CONSTRAINT "FK_CI_SC_1" FOREIGN KEY ("order_id") REFERENCES "sylius_order" ("id") ON DELETE SET NULL
);
/*!40101 SET character_set_client = @saved_cs_client */;

--
-- Dumping data for table "customer_issue"
--

LOCK TABLES "customer_issue" WRITE;
/*!40000 ALTER TABLE "customer_issue" DISABLE KEYS */;
INSERT INTO "customer_issue" VALUES (1,811,'lionel.bouzonville@forestadmin.com','closed','shipping','2023-05-11 13:56:24','2023-12-05 16:04:31',NULL),(11,761,'lionel.bouzonville@forestadmin.com','pending_refund','payment','2023-05-09 18:17:56','2023-05-05 16:01:41',NULL),(21,371,'louis@forestadmin.com','pending_return','return','2023-05-15 23:30:21','2023-04-17 11:23:52',NULL),(31,551,'steveb@forestadmin.com','declined','return','2023-04-08 18:47:25','2023-05-13 19:01:50',NULL),(41,151,'lionel.bouzonville@forestadmin.com','closed','return','2023-04-29 00:07:10','2023-05-19 04:35:24',NULL),(51,161,'louis@forestadmin.com','refunded','shipping','2023-05-27 12:59:25','2023-04-30 12:16:29',NULL),(61,971,'steveb@forestadmin.com','refunded','return','2023-05-13 17:22:21','2023-05-24 01:37:24',NULL),(71,571,NULL,'pending_refund','shipping','2023-04-12 10:06:48','2023-05-04 13:23:59',NULL),(81,561,'steveb@forestadmin.com','closed','payment','2023-04-04 15:54:53','2023-05-19 17:09:27',NULL),(91,661,'steveb@forestadmin.com','open','payment','2023-04-10 16:24:35','2023-04-17 11:20:17',NULL),(101,891,'louis@forestadmin.com','pending_return','shipping','2023-05-23 04:26:43','2023-05-23 17:03:14',NULL),(111,951,'louis@forestadmin.com','refunded','return','2023-05-21 19:26:10','2023-05-17 13:55:56',NULL),(121,951,NULL,'open','return','2023-04-19 22:42:06','2023-04-10 04:27:06',NULL),(131,261,'steveb@forestadmin.com','pending_refund','return','2023-05-11 03:46:41','2023-04-03 08:24:20',NULL),(141,611,'louis@forestadmin.com','pending_return','return','2023-05-13 19:59:25','2023-05-12 21:13:38',NULL),(151,121,'louis@forestadmin.com','open','shipping','2023-04-12 21:46:33','2023-04-13 09:01:08',NULL),(161,331,'lionel.bouzonville@forestadmin.com','declined','payment','2023-05-11 20:46:27','2023-04-26 03:36:09',NULL),(171,761,'steveb@forestadmin.com','pending_refund','return','2023-05-20 16:57:55','2023-04-03 11:53:46',NULL),(181,21,NULL,'declined','shipping','2023-05-03 10:21:26','2023-04-30 16:17:58',NULL),(191,691,NULL,'pending_refund','return','2023-05-27 22:00:50','2023-04-14 12:59:19',NULL),(201,141,'lionel.bouzonville@forestadmin.com','pending_return','shipping','2023-05-25 07:15:04','2023-05-25 12:39:56',NULL),(211,71,'lionel.bouzonville@forestadmin.com','open','return','2023-05-21 07:49:08','2023-04-27 09:43:32',NULL),(221,261,'steveb@forestadmin.com','pending_return','payment','2023-04-02 04:28:38','2023-05-07 15:32:48',NULL),(231,921,'lionel.bouzonville@forestadmin.com','pending_refund','return','2023-04-02 14:41:57','2023-05-06 09:05:05',NULL),(241,121,'lionel.bouzonville@forestadmin.com','declined','return','2023-05-16 14:38:19','2023-05-22 13:46:11',NULL),(251,901,'louis@forestadmin.com','open','payment','2023-05-27 04:37:47','2023-05-16 21:12:44',NULL),(261,861,'lionel.bouzonville@forestadmin.com','refunded','return','2023-05-03 06:27:26','2023-05-17 00:11:49',NULL),(271,21,'lionel.bouzonville@forestadmin.com','refunded','payment','2023-04-18 19:58:04','2023-04-26 02:29:59',NULL),(281,441,'steveb@forestadmin.com','declined','payment','2023-05-07 21:14:30','2023-04-12 02:53:04',NULL),(291,841,'steveb@forestadmin.com','open','return','2023-05-27 11:04:28','2023-04-02 05:21:04',NULL),(301,461,NULL,'','shipping','2023-06-07 08:40:57','2023-06-07 08:40:57',NULL),(311,371,NULL,'','shipping','2023-07-10 12:16:01','2023-07-10 12:16:01',NULL),(321,371,NULL,'','shipping','2023-07-10 12:19:35','2023-07-10 12:19:35',NULL),(331,21,NULL,'','return','2023-07-21 08:50:23','2023-07-21 08:50:23',NULL),(341,1,'antonin.marcon@forestadmin.com','open','payment','2023-08-29 15:49:13','2023-08-29 15:49:13',NULL),(351,1,NULL,'','payment','2023-09-11 13:06:43','2023-09-11 13:06:43',NULL),(361,1,NULL,'','return','2023-09-11 13:06:46','2023-09-11 13:06:46',NULL),(371,NULL,'lionel.bouzonville@forestadmin.com','open','shipping','2024-09-25 12:51:11','2024-09-25 12:51:11',NULL);
/*!40000 ALTER TABLE "customer_issue" ENABLE KEYS */;
UNLOCK TABLES;

--
-- Table structure for table "customer_issue_support"
--

DROP TABLE IF EXISTS "customer_issue_support";
/*!40101 SET @saved_cs_client     = @@character_set_client */;
/*!50503 SET character_set_client = utf8mb4 */;
CREATE TABLE "customer_issue_support" (
  "id" int NOT NULL AUTO_INCREMENT,
  "customer_issue_id" int NOT NULL,
  "owner" varchar(255) DEFAULT NULL,
  "type" varchar(255) NOT NULL,
  "description" longtext,
  "created_at" datetime NOT NULL,
  "updated_at" datetime NOT NULL,
  PRIMARY KEY ("id"),
  KEY "FK_CIS_CI_1" ("customer_issue_id"),
  CONSTRAINT "FK_CIS_CI_1" FOREIGN KEY ("customer_issue_id") REFERENCES "customer_issue" ("id") ON DELETE CASCADE ON UPDATE CASCADE
);
/*!40101 SET character_set_client = @saved_cs_client */;

--
-- Dumping data for table "customer_issue_support"
--

LOCK TABLES "customer_issue_support" WRITE;
/*!40000 ALTER TABLE "customer_issue_support" DISABLE KEYS */;
INSERT INTO "customer_issue_support" VALUES (1,211,NULL,'email','Dolorem illum mollitia impedit animi. Similique facere suscipit necessitatibus cum quia impedit. Dicta dolores sequi dicta modi. Maiores deserunt tenetur aspernatur iure aspernatur nisi dicta impedit fuga. Iure dolore qui.\nIpsum error corporis harum repellendus quibusdam architecto hic molestiae. Doloremque placeat doloremque adipisci sequi. Mollitia nisi optio eum earum.\nOmnis nemo alias nihil voluptatibus recusandae quaerat. A illo minus minima aliquam beatae facere. Porro aperiam dolorem iure fugit. Esse voluptates rem. Tempore laborum consequatur quis dolor saepe recusandae culpa nemo.','2023-04-03 06:10:08','2023-05-07 06:11:13'),(11,61,NULL,'email','Harum iste necessitatibus est labore quas impedit a libero. Pariatur a iure sunt temporibus incidunt. Necessitatibus dolorum quisquam eius. Voluptas repellat asperiores voluptatibus expedita cum architecto sunt reiciendis officiis. Iure doloribus veritatis vero assumenda nesciunt tempore doloremque.\nQui quisquam in quasi quibusdam. Nobis sapiente accusamus. Odit nisi dicta odit harum ratione rem autem quas. Alias vitae nulla.\nProvident eius neque. Dignissimos dicta dignissimos illum voluptas placeat. Voluptates deleniti molestias ipsum.','2023-05-06 03:27:07','2023-04-05 03:39:21'),(21,221,'lionel.bouzonville@forestadmin.com','chat','Et architecto quibusdam cupiditate nesciunt in commodi magni dicta.','2023-05-24 18:35:01','2023-05-22 19:21:54'),(31,191,'louis@forestadmin.com','chat','Fugiat nesciunt assumenda eum animi molestiae. Repellendus deserunt eaque et asperiores porro. Quasi cumque minus atque blanditiis.','2023-04-12 07:20:25','2023-05-04 13:45:57'),(41,291,'lionel.bouzonville@forestadmin.com','phone','Sapiente accusamus voluptate aliquid laboriosam qui repudiandae. Fuga cumque ipsum exercitationem amet nobis. Error officia distinctio voluptates atque soluta dolore sed modi. Dicta in accusantium eaque a voluptatibus cum officiis quidem esse. Doloremque et nostrum. Atque dolores aspernatur rem repellendus nemo sed nesciunt.','2023-04-12 00:30:57','2023-05-24 22:45:03'),(51,241,'louis@forestadmin.com','phone','odit','2023-04-05 23:23:04','2023-05-12 02:10:26'),(61,11,'lionel.bouzonville@forestadmin.com','phone','veniam omnis blanditiis','2023-04-27 07:36:34','2023-04-29 23:42:41'),(71,71,'steveb@forestadmin.com','email','cupiditate','2023-05-28 10:35:15','2023-04-17 06:13:30'),(81,131,'steveb@forestadmin.com','phone','Fugiat at accusantium earum.\nEarum animi dolor dolore eligendi dignissimos magni suscipit.\nVero sint sit.\nCumque corporis pariatur voluptatibus.','2023-04-11 05:49:51','2023-05-02 20:31:43'),(91,41,NULL,'email','nam velit quis','2023-05-27 20:39:28','2023-05-11 23:15:10'),(101,291,'louis@forestadmin.com','email','Adipisci fugit pariatur.','2023-04-04 17:09:14','2023-05-18 09:56:00'),(111,271,'lionel.bouzonville@forestadmin.com','phone','Asperiores placeat voluptatibus accusantium quos atque commodi sequi. Consectetur molestias animi dolor earum dolor illum quisquam similique non. Optio praesentium voluptatum. Incidunt exercitationem tempore.','2023-04-12 07:00:15','2023-05-26 02:00:42'),(121,171,'louis@forestadmin.com','phone','Suscipit illo eveniet rerum adipisci sequi est neque rem temporibus.','2023-05-06 21:36:07','2023-05-08 21:55:32'),(131,251,'louis@forestadmin.com','email','Totam est sunt optio nam praesentium commodi. Aspernatur corporis ad laborum ad quaerat minus delectus culpa laboriosam. Dolore sint illum praesentium eos aperiam. Ipsam itaque nemo pariatur rem eos ratione. Necessitatibus facilis pariatur quibusdam repudiandae dolorum minus accusantium deleniti earum. Earum quae ipsum nam.\nCupiditate animi deserunt veritatis dignissimos. Porro dolore dicta optio dicta deserunt. Facere animi aspernatur labore deserunt vitae veritatis quia odio ipsum.\nQuo provident explicabo accusantium adipisci cum laborum dignissimos atque doloribus. Tenetur ab at officia suscipit dicta corporis. Fuga sequi numquam. Distinctio id expedita numquam.','2023-04-29 00:08:04','2023-04-09 13:28:02'),(141,51,'steveb@forestadmin.com','email','cum nesciunt maiores','2023-05-15 15:52:56','2023-04-27 06:34:45'),(151,141,'steveb@forestadmin.com','email','Harum quae accusamus nostrum necessitatibus ratione voluptates.','2023-04-18 06:07:04','2023-05-18 05:19:54'),(161,111,'louis@forestadmin.com','phone','tempore','2023-05-09 05:01:33','2023-05-14 02:43:00'),(171,251,NULL,'email','Qui impedit magni quos quas. Excepturi laborum officiis. Aliquam sit mollitia quibusdam. Eius perferendis eum expedita rerum voluptatem. Excepturi rem modi nam ex possimus perferendis.','2023-05-07 01:26:48','2023-04-19 16:24:36'),(181,221,'louis@forestadmin.com','email','laboriosam','2023-04-23 15:03:47','2023-05-25 21:06:11'),(191,241,'louis@forestadmin.com','chat','repudiandae nihil quidem','2023-04-10 23:04:43','2023-05-10 15:40:23'),(201,91,NULL,'email','Necessitatibus assumenda ipsa.','2023-04-12 20:19:16','2023-05-07 22:10:30'),(211,131,'lionel.bouzonville@forestadmin.com','chat','Ducimus reiciendis eius laborum consequuntur nemo. Aut error voluptatem dolor occaecati recusandae quod nobis. Quae voluptatum maxime doloribus labore dolore. Placeat excepturi deleniti quos quam. Fugit voluptatum ducimus ex atque magni similique porro suscipit quo. Eos ipsam molestias nemo labore provident.','2023-04-13 09:11:18','2023-04-10 20:02:48'),(221,171,'steveb@forestadmin.com','email','Deserunt eius soluta iusto perferendis saepe deserunt. Beatae dicta enim sit cupiditate. Odit modi odit iure repellendus est perferendis. Minus doloremque harum eum mollitia similique. Incidunt occaecati libero adipisci iusto molestias. Sapiente eos sequi aliquid commodi nesciunt.','2023-05-14 03:57:03','2023-04-17 00:39:43'),(231,221,'steveb@forestadmin.com','chat','Aspernatur voluptatem doloribus voluptates reiciendis iure voluptates eligendi. Magni iure quam architecto. Consequuntur laboriosam reiciendis nobis deleniti quas quis est molestias. Quidem enim aspernatur illum nisi praesentium sint necessitatibus vitae assumenda.','2023-04-19 16:23:33','2023-03-31 02:26:29'),(241,141,'louis@forestadmin.com','email','Dicta nam nemo ullam totam.','2023-04-23 22:55:22','2023-05-20 18:36:03'),(251,271,'lionel.bouzonville@forestadmin.com','chat','At assumenda quod sit tenetur facere nobis rerum id. Ducimus est possimus voluptates nemo necessitatibus adipisci eaque. Ad nemo libero. Recusandae laborum illum dolor doloremque delectus ratione natus ducimus in.','2023-05-14 05:28:12','2023-04-12 00:44:09'),(261,101,NULL,'email','ullam','2023-05-15 03:03:28','2023-04-20 18:02:27'),(271,171,NULL,'phone','Doloribus eveniet animi nihil modi repellat tempora recusandae. Ad est vitae. Quis debitis delectus ipsam nisi iure deserunt in officia.','2023-04-16 12:47:51','2023-05-24 04:29:59'),(281,231,'lionel.bouzonville@forestadmin.com','email','exercitationem libero cum','2023-04-28 09:59:23','2023-05-15 16:14:13'),(291,11,'lionel.bouzonville@forestadmin.com','chat','Assumenda reiciendis perspiciatis voluptatibus beatae vitae alias.\nNemo quos optio amet soluta.\nDolor ad blanditiis sit voluptates.\nNulla laudantium commodi voluptate eligendi qui corrupti.\nAccusantium pariatur reprehenderit.','2023-05-18 15:01:34','2023-04-18 01:41:28'),(301,221,'steveb@forestadmin.com','chat','Sed dolorem enim asperiores officia voluptates. Mollitia ea harum tenetur id. Fuga ullam facere beatae temporibus fuga qui enim ratione beatae. Reprehenderit commodi soluta aut nobis.\nPossimus excepturi harum. Repudiandae nesciunt voluptatum odit itaque. Laboriosam incidunt voluptatem accusantium autem voluptatibus. Sint dolore est corporis odio commodi rerum.\nNulla minima aspernatur. Occaecati voluptas sunt assumenda eaque. Magnam placeat repellendus. Quae dolorum sunt accusamus modi necessitatibus. Ad et aliquam nihil modi dolor deserunt praesentium.','2023-05-20 19:45:20','2023-05-24 01:04:12'),(311,281,'louis@forestadmin.com','chat','Cum dicta consequatur iure saepe sequi quos neque cupiditate.','2023-05-03 19:27:13','2023-05-21 20:11:28'),(321,241,'lionel.bouzonville@forestadmin.com','chat','Molestiae corporis quam assumenda.','2023-04-08 18:43:21','2023-05-06 22:03:03'),(331,191,'steveb@forestadmin.com','email','Magni quibusdam molestias blanditiis nobis aut deserunt natus est. Necessitatibus sit temporibus facilis soluta. A ut ipsa velit dolore quasi delectus repudiandae. Libero commodi doloribus repellendus. Incidunt minima eveniet nulla porro dolorum. Adipisci laboriosam ut at laborum expedita quod veniam quam.','2023-05-21 05:06:54','2023-05-19 05:50:17'),(341,71,'louis@forestadmin.com','chat','Magni ex a.\nExcepturi quia maxime nam temporibus quod voluptas.\nOmnis tempora amet.\nIllo ab blanditiis.\nPorro porro ratione iure tempore debitis ipsa reprehenderit animi.','2023-05-20 12:58:47','2023-04-06 09:03:28'),(351,51,'steveb@forestadmin.com','phone','Maiores quasi aut similique.\nDistinctio est ducimus ipsum dolore dolorem.\nPerspiciatis dignissimos facilis porro suscipit corrupti mollitia.\nEaque pariatur reiciendis accusantium cum ut sit.\nOfficiis harum at.','2023-04-13 05:57:17','2023-05-26 16:47:29'),(361,281,'lionel.bouzonville@forestadmin.com','chat','Maxime qui accusantium omnis.\nAtque consequuntur tempore corrupti ex rerum quam rerum expedita fuga.\nAssumenda quod sit.\nItaque vitae velit vero alias soluta cumque atque.\nTempora necessitatibus nisi iste blanditiis cumque rem hic tenetur.','2023-05-21 00:33:52','2023-04-07 13:19:51'),(371,31,'steveb@forestadmin.com','phone','Voluptate ab fugiat. Beatae molestias vero. Eveniet necessitatibus officiis facilis soluta similique quisquam quas dicta.','2023-04-03 05:57:26','2023-04-28 10:11:04'),(381,51,'louis@forestadmin.com','chat','eius','2023-04-26 20:49:29','2023-05-10 10:11:08'),(391,21,'louis@forestadmin.com','phone','Officia quisquam reiciendis fuga neque dicta fuga excepturi.\nAccusamus rerum necessitatibus neque quibusdam.','2023-05-01 23:21:32','2023-04-13 16:26:26'),(401,171,NULL,'phone','ab ipsum magnam','2023-05-20 11:42:48','2023-04-13 07:32:04'),(411,91,NULL,'chat','optio','2023-04-30 22:28:02','2023-05-24 06:47:21'),(421,41,'lionel.bouzonville@forestadmin.com','email','Illum vero dolor ab quam occaecati ea numquam. Nostrum nemo non vitae placeat. Necessitatibus architecto dolores quae quia modi in. Ipsa aliquid magnam. Ducimus deleniti modi inventore quae repellat aspernatur.','2023-04-16 12:40:42','2023-05-29 12:24:48'),(431,281,'lionel.bouzonville@forestadmin.com','phone','Voluptatibus eius omnis laboriosam sit nemo accusamus.\nConsequatur inventore tempore minus corrupti fugit.\nMaxime facere quod.','2023-04-29 09:51:31','2023-04-30 07:47:53'),(441,261,NULL,'email','Esse minima impedit ut cupiditate.\nQuo neque rem aliquid perferendis temporibus vitae cumque animi vitae.\nModi ex error porro eaque dignissimos amet consectetur.\nAt dolore labore nam.\nAmet voluptatum ipsa fugit harum.','2023-05-27 10:57:52','2023-04-20 14:31:00'),(451,251,'lionel.bouzonville@forestadmin.com','chat','Earum temporibus et quibusdam repellendus quisquam unde sequi. Suscipit doloribus et dolorum eligendi consequatur voluptatibus ullam. Expedita occaecati rem tenetur aspernatur at.\nMolestiae minima reiciendis. Eveniet voluptatibus explicabo cumque voluptates. Tenetur voluptate adipisci iure corrupti numquam dignissimos reprehenderit perspiciatis. Debitis soluta possimus reprehenderit.\nArchitecto quos a adipisci dolorem voluptatem. Ipsam eum explicabo illum quidem. Deserunt laborum enim ab fuga deleniti. Distinctio laborum asperiores tempore numquam dicta. Officia delectus quae eius temporibus delectus autem dignissimos nemo.','2023-04-25 05:24:50','2023-04-06 16:14:50'),(461,51,'steveb@forestadmin.com','phone','Repudiandae odio eligendi alias necessitatibus cum. Ea voluptas cumque consequatur commodi quia officiis. Voluptas reiciendis error fugiat vero. Minima nam quidem inventore incidunt dolores dolor dolore. Magnam tenetur suscipit laboriosam. Architecto voluptatum dolore consequatur labore assumenda fugit voluptatem.','2023-05-09 01:08:51','2023-04-20 01:06:08'),(471,221,'lionel.bouzonville@forestadmin.com','email','Ab ullam perferendis. Culpa corrupti autem dolor nam rerum. Temporibus nobis laboriosam amet architecto temporibus nostrum nihil. Excepturi laborum dolor. Eos eaque dolor dolorum voluptate amet nihil corporis. Animi id unde.\nOccaecati illo sequi enim modi. In inventore minus molestias. Sapiente eveniet nisi non. Dolorem pariatur reiciendis. Doloribus nulla possimus totam blanditiis ullam iure qui.\nCulpa a autem dolores earum. Aspernatur cum voluptates. Illum quibusdam iste ad odit delectus. Dolorem natus unde totam nulla. Officia reiciendis officia adipisci eius nemo sint libero minus.','2023-05-16 08:53:26','2023-05-10 18:09:52'),(481,261,'lionel.bouzonville@forestadmin.com','email','iure','2023-05-19 11:20:28','2023-04-26 23:32:53'),(491,111,'steveb@forestadmin.com','email','Quidem debitis corporis placeat soluta. Magnam animi hic omnis. Molestias cum reprehenderit velit accusamus possimus totam sequi eaque laboriosam.\nEos dicta impedit. Officiis asperiores quos architecto. Incidunt nemo voluptatum ex doloribus dolorum ipsa sint. Repudiandae a culpa esse. Quasi harum voluptas expedita quod sequi ea quidem.\nSimilique dolorem sit ipsam itaque esse quis necessitatibus delectus. Fugiat culpa iste cumque nostrum tempora recusandae. Repellendus sequi facilis fugiat. Dignissimos molestias aliquid sunt sit laborum aliquam fuga. Accusamus consequuntur quas impedit maiores ipsam consequatur quis. Officiis aperiam ea.','2023-05-08 06:24:12','2023-04-29 05:12:16'),(501,151,'louis@forestadmin.com','chat','Inventore dignissimos tempora ipsa perspiciatis sunt culpa magni voluptates sint. Excepturi ipsum reiciendis velit. Pariatur expedita enim veniam. Magni ea molestias fuga quidem exercitationem alias eum. Sit hic ex porro ex et vitae quod minima.\nReprehenderit tempora illum. Neque nam aspernatur odio nulla perspiciatis aspernatur illo. Esse numquam delectus. Architecto harum itaque sequi. Neque quod ipsam velit nostrum animi maxime. Natus unde debitis blanditiis.\nMinus distinctio porro odio accusantium fugiat nam dolorem eos fugit. Libero impedit beatae asperiores quisquam. Praesentium aut molestiae sint dolorem tempora iusto repellat officiis distinctio. Molestias delectus suscipit ullam. Laborum molestiae non quasi excepturi velit modi commodi ea exercitationem. Perferendis voluptas repellat blanditiis alias.','2023-04-24 09:43:33','2023-05-16 14:28:53'),(511,101,'louis@forestadmin.com','chat','Itaque dignissimos cumque.','2023-04-13 06:12:27','2023-05-26 16:21:33'),(521,121,NULL,'phone','Non est suscipit.','2023-04-06 22:13:23','2023-05-18 23:48:04'),(531,241,NULL,'chat','aut quo fuga','2023-05-14 03:19:27','2023-04-04 17:42:55'),(541,111,'steveb@forestadmin.com','chat','Totam doloribus eligendi eos natus distinctio aliquam.\nIure necessitatibus odio corporis magnam eveniet eligendi exercitationem qui officia.','2023-04-22 00:21:24','2023-04-26 03:02:12'),(551,291,'steveb@forestadmin.com','chat','vero delectus odit','2023-05-14 12:32:58','2023-04-13 02:30:34'),(561,71,'louis@forestadmin.com','email','Tempore nesciunt libero.\nArchitecto reiciendis delectus architecto blanditiis numquam quasi mollitia sed similique.','2023-04-10 06:36:26','2023-04-09 02:14:48'),(571,201,'lionel.bouzonville@forestadmin.com','chat','Nam provident provident vitae quis dolore. Autem tempora cumque sunt sint nam in eius nesciunt.','2023-05-24 07:10:42','2023-04-05 00:37:34'),(581,131,'louis@forestadmin.com','phone','Exercitationem labore aspernatur illo magni.','2023-05-28 14:31:46','2023-05-09 19:01:37'),(591,71,'steveb@forestadmin.com','phone','Animi odio doloribus esse mollitia dignissimos temporibus accusantium ipsum. Minima magni impedit culpa incidunt error debitis nisi voluptas non. Occaecati quod voluptatibus iusto eius nisi esse neque beatae.','2023-04-22 08:19:58','2023-04-24 18:52:52'),(601,281,'steveb@forestadmin.com','chat','Nam possimus debitis soluta blanditiis neque. Cum molestias temporibus reprehenderit perferendis aliquam natus corrupti. Sapiente porro numquam recusandae. Odit in repudiandae maxime tenetur adipisci unde corporis cum. Beatae aliquam fugit quaerat dolores molestiae inventore sequi accusantium architecto. Reprehenderit qui laudantium incidunt aliquam in velit id.','2023-04-16 16:09:04','2023-04-15 04:20:38'),(611,231,'louis@forestadmin.com','chat','Quibusdam ullam nam excepturi assumenda occaecati architecto animi. Atque modi libero. Distinctio nulla doloribus unde voluptate repellat quam facilis maiores ipsa. Magni magnam mollitia. Expedita unde nam numquam quaerat quam accusantium cupiditate.','2023-04-04 20:42:45','2023-04-06 15:51:05'),(621,191,'louis@forestadmin.com','email','Magnam consequatur fuga iure provident consequuntur libero sed vitae impedit. Illo dolores atque non nemo quibusdam omnis animi. Perspiciatis ea dolorum doloribus animi. Atque placeat possimus. Dolor sit voluptatum earum.','2023-05-25 07:21:41','2023-05-08 23:55:41'),(631,271,'steveb@forestadmin.com','email','Quis porro esse illo accusamus placeat ipsa rerum. Quos aspernatur accusamus animi ipsum fugiat inventore animi voluptates et. Velit nam aliquid suscipit eligendi quas necessitatibus tempore. Eveniet labore officiis beatae tempore repellendus a nisi enim velit. Maxime accusantium ipsum ea sunt qui.\nCorrupti rem modi. Delectus blanditiis eligendi quos. Cum nobis quo placeat totam doloribus quia velit iusto accusamus. Possimus reprehenderit saepe nam temporibus. Quas dolores atque.\nVelit iusto explicabo. Sit molestias id rem eligendi pariatur cumque quibusdam aliquid sint. Ex sunt a voluptate sint dignissimos. Minus suscipit libero officiis quasi soluta veniam. Maiores repellat tempora voluptatum atque perferendis. Numquam laudantium itaque.','2023-04-26 15:34:45','2023-05-14 17:21:21'),(641,171,'louis@forestadmin.com','email','Voluptatibus corporis quas id.\nQuidem fugiat consequuntur nisi possimus.\nIste ab ut quidem cumque.\nLabore quisquam quis beatae dolorem reprehenderit in quia voluptatum.','2023-05-23 19:55:52','2023-04-09 05:39:15'),(651,181,'lionel.bouzonville@forestadmin.com','email','Optio laboriosam voluptas libero expedita adipisci. Expedita mollitia tempore velit quam quia quibusdam doloremque quo nostrum. Qui explicabo odit doloribus ratione saepe.\nLaborum facere quo. Quos neque deserunt similique. Nisi eum deleniti aperiam nostrum id at explicabo expedita culpa. Illum consequuntur architecto. Ipsa aperiam quas numquam.\nOptio dicta ipsam esse totam beatae culpa eos voluptatum. Assumenda est tempore asperiores reprehenderit ratione et eligendi est minima. Doloribus tempora libero assumenda fugit quo dicta voluptatem quod non. Fugiat quia temporibus ex ipsam.','2023-05-19 04:22:48','2023-04-23 19:17:36'),(661,1,'haroldb@forestadmin.com','phone','aliquid','2023-04-16 15:25:39','2023-12-05 16:04:28'),(671,31,'steveb@forestadmin.com','chat','debitis temporibus hic','2023-05-17 18:21:08','2023-04-12 07:25:53'),(681,291,'louis@forestadmin.com','email','Deserunt atque vitae doloremque. Dolor nisi tempora ipsa doloremque eum accusamus rerum inventore numquam. Repellat nisi error suscipit temporibus. Non numquam sequi. Impedit esse aut magni illum velit.','2023-04-19 06:19:50','2023-05-05 22:15:03'),(691,121,'steveb@forestadmin.com','email','Necessitatibus voluptatum ducimus ad similique pariatur est consectetur veniam quis. Maiores nihil quam incidunt neque suscipit nihil excepturi. Tempore voluptate voluptatibus assumenda.\nOdio rerum nam. Officia voluptatem impedit quas expedita illo libero quae beatae tempora. Accusantium qui perspiciatis aliquid amet accusamus ratione dolor quae laudantium. Repellendus facere dolorum illum sunt dolorum. Velit ducimus error dolore quis qui voluptatem sint. Non excepturi velit quis culpa autem.\nInventore vitae explicabo. Libero officia consequatur delectus ipsa odit voluptatum magnam soluta similique. Quam dignissimos at nesciunt doloribus officia quae perspiciatis numquam aliquam. Pariatur odio soluta quo autem illo laudantium animi magnam ea. Natus odit nostrum perferendis earum fugiat ipsum facere quam quasi. Praesentium odit corporis.','2023-05-14 23:44:20','2023-04-15 00:48:50'),(701,141,NULL,'phone','Iure alias provident fugiat iusto.','2023-04-01 00:58:51','2023-04-25 17:18:53'),(711,41,'steveb@forestadmin.com','phone','assumenda','2023-04-28 18:44:45','2023-05-15 22:44:08'),(721,201,'lionel.bouzonville@forestadmin.com','phone','Sint quos ad occaecati eveniet commodi blanditiis perspiciatis. Reiciendis impedit voluptatum saepe eius itaque officiis impedit fuga alias. Asperiores possimus sunt rerum. Culpa et iste voluptate commodi. Iste quas error tempore tempora aspernatur beatae. Omnis libero fuga quo animi voluptatibus ipsa animi sint nisi.','2023-04-13 00:56:31','2023-05-23 04:11:13'),(731,121,'louis@forestadmin.com','chat','Minima similique veritatis. Aliquid esse eum ratione error dolorum odio harum repellat. Recusandae commodi quae beatae deserunt unde quasi praesentium accusantium. Labore cumque nobis eum iure. Eius quo illo laboriosam veritatis labore maxime magni fugiat optio.','2023-05-15 05:02:35','2023-04-22 09:18:45'),(741,91,'steveb@forestadmin.com','email','eaque consequatur tempore','2023-05-19 12:42:14','2023-03-30 18:15:40'),(751,31,'lionel.bouzonville@forestadmin.com','chat','Minima consequuntur voluptatum debitis. Nemo vitae eos aperiam animi deserunt velit repellendus modi sint. Iusto veniam maxime tempora aut dolorum culpa modi. Asperiores laboriosam velit corporis reprehenderit. Maiores et voluptatum debitis ullam rem dolorem maiores. Tenetur in suscipit ipsam eligendi consequatur quam.\nExpedita doloribus ducimus. Aliquam maxime qui nihil sequi magni a quia accusamus sequi. Porro ex commodi nesciunt minima quae.\nId odit dicta ut accusamus occaecati totam voluptatem facilis. Officia amet alias natus. Dolorem accusamus porro asperiores ipsam ipsum officiis modi dolorum repudiandae. Similique eligendi corporis nihil eligendi. Quidem alias qui cupiditate in in eligendi doloribus laboriosam.','2023-05-08 01:23:28','2023-04-28 05:48:13'),(761,21,'louis@forestadmin.com','email','porro','2023-03-30 19:23:31','2023-05-01 17:37:02'),(771,51,'lionel.bouzonville@forestadmin.com','chat','laborum','2023-04-15 07:51:03','2023-05-23 01:19:10'),(781,11,'steveb@forestadmin.com','email','Delectus voluptas porro ipsam corporis ducimus. Fugiat veritatis maiores officiis accusamus laudantium veritatis. Dolorum exercitationem placeat aperiam sint. Soluta eligendi soluta fuga recusandae. Aspernatur accusamus dolore ipsa ratione totam quaerat voluptatum delectus. Maxime est porro fugit hic porro rerum.','2023-04-08 07:16:23','2023-05-12 01:46:24'),(791,21,'lionel.bouzonville@forestadmin.com','phone','ratione','2023-05-16 19:29:29','2023-05-15 09:12:50'),(801,261,NULL,'chat','Similique quos amet mollitia mollitia perferendis. Maiores nobis mollitia molestias vero quas debitis illum eos placeat. Doloremque totam ratione nobis odit debitis voluptates fugiat. Voluptate consequuntur quam culpa optio voluptas impedit ducimus in.','2023-05-15 06:07:46','2023-05-11 19:51:58'),(811,241,'louis@forestadmin.com','phone','Voluptates quis totam natus.\nDebitis rerum eum numquam.\nQuod provident dolores modi alias ratione quibusdam.\nDignissimos ratione perspiciatis.','2023-04-22 17:20:57','2023-05-26 05:08:02'),(821,141,'lionel.bouzonville@forestadmin.com','phone','Eveniet deleniti illo.','2023-04-20 17:53:10','2023-04-16 10:52:07'),(831,151,'louis@forestadmin.com','chat','dolorum sunt repellat','2023-04-09 08:46:56','2023-04-04 05:28:30'),(841,51,'louis@forestadmin.com','email','Esse ducimus dignissimos aspernatur cum aperiam.\nEum quis natus aliquid quis sequi iste beatae fugiat exercitationem.\nSaepe fugiat vitae consequuntur expedita placeat.','2023-05-03 21:42:46','2023-04-08 07:11:05'),(851,251,'steveb@forestadmin.com','phone','Placeat repellendus nesciunt suscipit hic ullam laborum labore similique. Corporis culpa dicta necessitatibus eligendi tempore molestiae explicabo. Magni impedit aspernatur reprehenderit reiciendis cumque eaque debitis neque. In ullam eius ipsa recusandae qui laborum aliquam.\nTenetur facilis a odio assumenda deserunt asperiores placeat debitis. Enim quam eos deleniti fuga consequuntur aspernatur. Voluptatem minima ratione. Possimus quam tempora omnis architecto. Amet repellendus velit architecto ea.\nExplicabo sequi iusto. Ut eius molestiae excepturi corporis quam ut omnis. Cupiditate fuga laborum consectetur occaecati provident quos placeat. Recusandae rem expedita culpa dolor.','2023-04-01 22:41:17','2023-03-30 21:33:06'),(861,71,'lionel.bouzonville@forestadmin.com','email','hic sit ea','2023-04-07 14:35:44','2023-04-28 05:00:09'),(871,281,NULL,'email','Doloremque odit consectetur excepturi animi eveniet eveniet culpa recusandae. Atque sed quia assumenda ex laborum. Aliquam hic quas architecto. Quis natus quisquam commodi temporibus. Nulla aliquam repellendus maxime commodi dolorum illum molestiae libero. In ut eveniet distinctio.\nOccaecati quae quis aliquam consequatur dolore animi debitis. Vero iure porro accusantium fuga facilis sed accusantium eligendi officia. Similique fugit illo aliquid libero quod nostrum nobis. Quia provident debitis omnis. In possimus consectetur quam occaecati enim earum.\nEt asperiores vel maxime ducimus molestias. Eius non aliquam molestiae. Consequatur quisquam nesciunt ratione iusto minus. Magni animi excepturi. Pariatur non dicta delectus iusto.','2023-05-02 02:26:26','2023-05-19 13:19:22'),(881,121,NULL,'email','nam nesciunt odio','2023-04-23 15:57:26','2023-05-27 09:20:02'),(891,181,'lionel.bouzonville@forestadmin.com','chat','Illo modi neque consequuntur. Exercitationem optio animi. Impedit mollitia nostrum veritatis delectus repudiandae qui animi. Soluta maiores tempora in earum ipsum cumque culpa. Harum sapiente cum maxime deleniti quod perferendis ratione labore doloremque. Eius aut eum cum consequatur.','2023-04-20 06:39:00','2023-04-14 08:46:47'),(901,171,'lionel.bouzonville@forestadmin.com','chat','Animi assumenda commodi facere temporibus vero voluptatem. Ducimus mollitia quis in perferendis blanditiis. Autem voluptas aliquam ab rem incidunt eveniet cupiditate. Ipsa nesciunt aliquam sequi asperiores rem sint illo. Voluptas quod excepturi odio ab dolorum exercitationem quae ratione facilis.','2023-05-15 18:51:10','2023-04-01 08:36:13'),(911,141,'louis@forestadmin.com','chat','Quam assumenda repellendus.','2023-04-23 01:16:12','2023-04-01 23:26:29'),(921,261,NULL,'email','Similique ipsam itaque tenetur eos aperiam. Unde tenetur recusandae magnam sed. Culpa quasi quasi consequuntur animi corporis tempora. Facere voluptates tempore reprehenderit incidunt fugiat.','2023-04-15 17:50:12','2023-04-25 10:01:15'),(931,221,NULL,'email','Facilis adipisci molestias voluptatum veniam explicabo.\nRatione dolore optio veritatis nostrum quis ad eveniet eius dicta.','2023-04-03 08:24:18','2023-05-18 01:42:10'),(941,171,'lionel.bouzonville@forestadmin.com','phone','dolores dolorem quibusdam','2023-05-08 02:34:42','2023-05-03 21:19:48'),(951,11,'steveb@forestadmin.com','chat','Id laboriosam sunt perferendis quas rem nulla deleniti vitae perferendis. Laborum libero eveniet inventore omnis explicabo molestiae ullam. Libero vitae sunt ipsa inventore rerum sed exercitationem illo.\nDolores rem placeat facere sed recusandae harum maiores beatae nisi. Aspernatur vero eius unde impedit. Corporis temporibus molestias optio commodi earum occaecati. Ullam iste voluptatum corporis iste. Quisquam quo culpa quam accusamus iusto est consequatur unde. Modi consectetur itaque sint.\nNesciunt reiciendis ea. Sunt ad aspernatur alias placeat amet sint nulla ex. Delectus ullam praesentium.','2023-04-26 22:58:15','2023-04-11 10:53:16'),(961,291,'louis@forestadmin.com','chat','Ab laudantium autem. Impedit dolorem error voluptatibus natus fuga. Omnis vitae maiores laborum repellendus dolor repudiandae autem. Consequatur voluptas asperiores rerum accusamus ullam eos dicta. Eveniet eius eligendi ut ipsum voluptas fugiat fuga. Id at quae.','2023-05-08 04:12:25','2023-05-28 18:26:21'),(971,201,'lionel.bouzonville@forestadmin.com','phone','Eaque illo voluptatum aperiam ex. Aut rem velit tenetur reprehenderit qui commodi corporis similique ullam. Quod dolor ea earum maxime eum id optio saepe quibusdam. Accusamus quidem repudiandae quaerat sint nisi eum sit consequatur.','2023-05-26 05:06:54','2023-05-28 13:22:51'),(981,281,'louis@forestadmin.com','chat','voluptas nesciunt ad','2023-04-21 16:53:46','2023-05-07 05:12:19'),(991,221,'steveb@forestadmin.com','chat','Deserunt sequi aut neque quas temporibus ipsa. Odio perspiciatis tempore assumenda doloribus nesciunt recusandae quam nisi fugit. Aliquam facere voluptatibus suscipit soluta rem repellendus amet itaque. Quibusdam possimus iure magni ut reprehenderit soluta commodi veritatis illum. Ipsum rem quam repudiandae quas ipsum corporis reprehenderit nam fuga. Iusto ratione nemo sequi inventore magnam fugit ipsum quia.\nLibero odio deserunt iure suscipit porro earum quibusdam. Maxime maxime magnam sequi dolorum esse ipsa. Sed tempora odit quasi vero eveniet tempore officia ipsa. Beatae aperiam non autem deserunt itaque harum.\nVel nesciunt a vel consequatur facere occaecati nostrum molestiae consequuntur. Neque consequatur impedit accusamus praesentium alias perferendis. Assumenda eum cumque. Illum doloribus ea.','2023-04-08 13:57:54','2023-04-04 14:31:36'),(1001,121,'steveb@forestadmin.com','phone','Error harum dolorum sed nulla. Perspiciatis ex placeat. Eaque qui facilis necessitatibus. Quia officiis reiciendis.','2023-05-15 22:19:44','2023-05-15 12:32:39'),(1011,221,'louis@forestadmin.com','phone','Quis enim eveniet. Voluptas suscipit voluptate magni tenetur tempore nostrum ratione exercitationem. Reiciendis officia similique tempore tenetur ad in sapiente. Magnam tempore dolorum tempore sunt minima quas quo consequuntur iure. Ullam fuga aliquam labore impedit inventore.\nOccaecati sit ducimus aliquid rem nemo dolores. Quia eius sunt ab amet nesciunt quia vitae alias. Dolores sequi aperiam itaque odio aliquid. Ullam magni ratione at saepe molestias sit odio.\nExcepturi sint deleniti repudiandae exercitationem rerum. Itaque excepturi quod occaecati occaecati distinctio quisquam aliquid tempora officiis. Tenetur ea quod excepturi qui quo mollitia.','2023-05-08 11:18:58','2023-04-09 00:20:33'),(1021,181,'louis@forestadmin.com','phone','libero','2023-04-22 21:43:31','2023-05-14 15:48:43'),(1031,21,'louis@forestadmin.com','chat','Perspiciatis nemo ipsum nihil excepturi modi at dignissimos dolorum delectus. Iusto aperiam alias quibusdam eos aut eaque dolorum explicabo nisi. Eum dolor velit ut minima quae deserunt harum vero. Repudiandae eos architecto doloremque officia voluptatum. Nulla velit doloremque doloribus consequatur. Voluptas maiores iure adipisci eos.','2023-04-19 10:37:43','2023-05-27 12:45:48'),(1041,31,'louis@forestadmin.com','phone','Blanditiis odio in velit libero unde ipsum eum pariatur. Error in magni animi repellendus id minus. Porro voluptatem vero architecto excepturi voluptas ipsum nisi. Quo at nobis quaerat nobis aut laboriosam necessitatibus quasi. Quasi et repudiandae.\nEa harum error voluptatum repellat ut. Adipisci doloremque ad pariatur. Iure a error occaecati debitis a molestiae est iure.\nVel repudiandae magni nemo occaecati eum impedit quia quae accusamus. Deleniti consequuntur quidem. Maxime odio nesciunt voluptate veritatis libero rem incidunt non.','2023-04-17 19:27:15','2023-05-22 04:23:38'),(1051,261,'lionel.bouzonville@forestadmin.com','phone','Autem nisi excepturi quasi.\nMaiores esse accusantium saepe temporibus voluptates velit recusandae.\nPossimus iure sapiente saepe nesciunt exercitationem beatae.','2023-04-04 13:45:06','2023-04-16 19:27:39'),(1061,131,'lionel.bouzonville@forestadmin.com','email','Exercitationem totam quaerat repellendus mollitia voluptate aliquid eaque.','2023-04-14 04:05:43','2023-04-06 11:48:56'),(1071,91,'louis@forestadmin.com','phone','sequi neque adipisci','2023-04-26 00:45:23','2023-05-10 18:38:34'),(1081,241,'steveb@forestadmin.com','email','Praesentium illum ex temporibus at quibusdam repellat. Aperiam ut nisi tenetur dolor. Sapiente iure culpa reprehenderit iste architecto vitae illum ad soluta. Quas libero laudantium earum unde. Voluptate fuga aperiam iste perferendis odio illo quasi perferendis ex. Ullam voluptatum ipsa repellendus optio autem fugit ratione nostrum.','2023-04-03 15:44:56','2023-04-28 13:56:55'),(1091,161,'lionel.bouzonville@forestadmin.com','phone','Rerum amet optio temporibus ullam ratione dignissimos cum blanditiis dignissimos.\nVoluptatem quam ea ratione magni fuga.','2023-05-07 08:54:30','2023-03-31 08:05:15'),(1101,31,'steveb@forestadmin.com','chat','Doloribus cumque optio nihil officia dolore.','2023-04-25 01:52:30','2023-05-05 14:28:11'),(1111,71,NULL,'chat','Sequi id tempore iusto. Officiis eligendi quasi consequatur et recusandae quis quibusdam exercitationem architecto. Iste nisi sint cupiditate maiores accusantium. Temporibus soluta eveniet itaque modi hic commodi quidem id laborum. Repudiandae esse tempora.\nNobis tenetur incidunt tempore consequatur. Ipsum earum occaecati nam explicabo alias dolores eligendi inventore id. Asperiores soluta et facilis minus delectus aspernatur doloremque adipisci voluptas.\nCupiditate adipisci velit ipsam necessitatibus qui necessitatibus et expedita aperiam. Ex repellat dolores voluptatem eligendi. Sit laudantium aliquam ad repellendus sunt corporis amet.','2023-05-02 22:09:13','2023-04-01 11:01:28'),(1121,181,'louis@forestadmin.com','email','Dignissimos repudiandae nobis.','2023-04-03 07:07:17','2023-04-30 03:41:01'),(1131,51,'lionel.bouzonville@forestadmin.com','phone','Inventore accusantium delectus neque vero repellat quibusdam nihil placeat aspernatur. Reprehenderit quidem exercitationem inventore quos iste. Explicabo dolores impedit.','2023-03-31 12:18:49','2023-04-03 13:11:20'),(1141,61,'louis@forestadmin.com','email','Commodi repellendus quasi harum ratione labore. Ex repellendus nesciunt quibusdam incidunt odio.','2023-04-12 12:51:15','2023-05-13 07:37:11'),(1151,111,NULL,'chat','Eveniet qui blanditiis.','2023-04-13 21:32:13','2023-04-05 01:09:24'),(1161,241,'steveb@forestadmin.com','phone','Animi minus voluptas expedita consectetur laudantium tenetur est. Molestiae nemo laboriosam aliquam laborum voluptatibus animi tempore id. Necessitatibus numquam repellat dolor quis. Consequatur deserunt a eius quibusdam libero eius unde exercitationem corporis.\nVelit delectus iure maxime animi. Earum exercitationem fugiat asperiores nihil nostrum fugit repudiandae. Aspernatur illum itaque dicta. Neque at praesentium consequatur doloremque qui. Sunt odit magnam neque rem dolor fugit.\nDolorem provident quae doloremque. Asperiores eligendi ex sequi. Dolorum unde vero velit neque atque. Dignissimos sit sit sed eveniet deserunt.','2023-03-31 06:37:34','2023-05-27 13:21:20'),(1171,261,'lionel.bouzonville@forestadmin.com','phone','Aliquam molestias voluptate a cum ullam voluptate unde. Animi quidem possimus incidunt totam. Adipisci ullam consequuntur hic tempore commodi mollitia qui itaque saepe.\nAnimi fugiat rerum. Doloribus pariatur natus a dolor libero maiores doloremque. Accusamus eos quisquam nulla sunt exercitationem. Repellat facere blanditiis tempore. Ea facere laudantium harum aspernatur reiciendis odit. Nemo asperiores minima cupiditate.\nLabore ut earum ipsa autem dignissimos delectus facere tempora. Voluptate quae id nam sapiente totam aliquam quo pariatur. Facilis sunt eveniet repellat fugiat beatae aliquam laudantium.','2023-04-12 17:21:48','2023-04-26 09:22:24'),(1181,271,'steveb@forestadmin.com','chat','Autem aperiam qui at repellat quis. Voluptate necessitatibus velit illum quisquam nemo. Doloribus tempora ullam voluptate. Magnam at doloremque soluta. Doloribus ratione error id natus libero sequi provident. Odit amet ut illum placeat temporibus occaecati ipsam.\nAccusantium iste recusandae minima laudantium fugit ab eaque. Odio sequi nobis facilis doloremque non repellat accusantium unde repellat. Aliquid ipsam necessitatibus molestiae. Sapiente mollitia dicta quia nisi veritatis rerum quisquam fugit sunt. A nobis repudiandae nobis voluptate cupiditate earum quod soluta nobis. Provident unde quo voluptatibus ex optio alias quos quis.\nNeque amet aut expedita blanditiis veniam. Dolorum reiciendis dolor nostrum cupiditate. Quos voluptate eum aliquid quidem. Maxime eos nemo necessitatibus officia.','2023-04-26 10:43:35','2023-05-09 17:33:53'),(1191,271,'louis@forestadmin.com','email','Et deleniti ipsa quae.\nLaudantium consequuntur itaque id sequi blanditiis minus totam voluptatem placeat.\nAssumenda neque quisquam.','2023-05-11 08:54:38','2023-05-04 14:39:51'),(1201,361,'lionel.bouzonville@forestadmin.com','email','New support','2024-06-06 13:36:20','2024-06-06 13:36:20'),(1202,371,'lionel.bouzonville@forestadmin.com','email',NULL,'2024-09-25 12:51:11','2024-09-25 12:51:12');
/*!40000 ALTER TABLE "customer_issue_support" ENABLE KEYS */;
UNLOCK TABLES;

--
-- Table structure for table "storage_unit"
--

DROP TABLE IF EXISTS "storage_unit";
/*!40101 SET @saved_cs_client     = @@character_set_client */;
/*!50503 SET character_set_client = utf8mb4 */;
CREATE TABLE "storage_unit" (
  "id" int NOT NULL AUTO_INCREMENT,
  "warehouse_id" int NOT NULL,
  "aisle" varchar(255) DEFAULT NULL,
  "row" varchar(255) NOT NULL,
  "box" varchar(255) NOT NULL,
  "product_id" int NOT NULL,
  "quantity" int NOT NULL,
  "storage_type" enum('free','bags','boxes','palets') NOT NULL,
  "is_flagged" tinyint(1) NOT NULL,
  "created_at" datetime NOT NULL DEFAULT CURRENT_TIMESTAMP,
  "updated_at" datetime NOT NULL,
  "deleted_at" datetime NOT NULL,
  PRIMARY KEY ("id"),
  KEY "FK_W_SU_1" ("warehouse_id"),
  KEY "FK_P_SU_1" ("product_id"),
  CONSTRAINT "FK_P_SU_1" FOREIGN KEY ("product_id") REFERENCES "sylius_product" ("id") ON DELETE CASCADE,
  CONSTRAINT "FK_W_SU_1" FOREIGN KEY ("warehouse_id") REFERENCES "warehouse" ("id")
);
/*!40101 SET character_set_client = @saved_cs_client */;

--
-- Dumping data for table "storage_unit"
--

LOCK TABLES "storage_unit" WRITE;
/*!40000 ALTER TABLE "storage_unit" DISABLE KEYS */;
INSERT INTO "storage_unit" VALUES (1,101,'0','9','u',641,160,'boxes',0,'2023-05-29 13:02:47','0000-00-00 00:00:00','0000-00-00 00:00:00'),(11,41,'h','z','2',591,727,'bags',1,'2023-05-29 13:02:47','0000-00-00 00:00:00','0000-00-00 00:00:00'),(21,121,'9','2','g',171,639,'boxes',0,'2023-05-29 13:02:47','0000-00-00 00:00:00','0000-00-00 00:00:00'),(31,181,'o','5','g',121,423,'free',0,'2023-05-29 13:02:47','0000-00-00 00:00:00','0000-00-00 00:00:00'),(41,81,'r','q','m',661,618,'boxes',0,'2023-05-29 13:02:47','0000-00-00 00:00:00','0000-00-00 00:00:00'),(51,121,'d','h','o',91,516,'bags',1,'2023-05-29 13:02:47','0000-00-00 00:00:00','0000-00-00 00:00:00'),(61,81,'p','v','l',481,687,'palets',0,'2023-05-29 13:02:48','0000-00-00 00:00:00','0000-00-00 00:00:00'),(71,71,'4','i','2',761,836,'free',0,'2023-05-29 13:02:48','2023-06-01 08:22:46','0000-00-00 00:00:00'),(81,121,'v','l','q',91,647,'bags',0,'2023-05-29 13:02:48','0000-00-00 00:00:00','0000-00-00 00:00:00'),(91,21,'p','m','v',691,645,'boxes',1,'2023-05-29 13:02:48','0000-00-00 00:00:00','0000-00-00 00:00:00'),(101,41,'4','h','h',121,711,'bags',1,'2023-05-29 13:02:48','0000-00-00 00:00:00','0000-00-00 00:00:00'),(111,51,'a','f','b',631,325,'boxes',0,'2023-05-29 13:02:48','0000-00-00 00:00:00','0000-00-00 00:00:00'),(121,111,'6','3','p',321,192,'boxes',1,'2023-05-29 13:02:48','0000-00-00 00:00:00','0000-00-00 00:00:00'),(131,171,'m','o','v',521,183,'palets',1,'2023-05-29 13:02:48','0000-00-00 00:00:00','0000-00-00 00:00:00'),(141,91,'5','u','5',151,322,'free',0,'2023-05-29 13:02:48','0000-00-00 00:00:00','0000-00-00 00:00:00'),(151,171,'r','v','1',161,354,'boxes',0,'2023-05-29 13:02:48','0000-00-00 00:00:00','0000-00-00 00:00:00'),(161,11,'m','0','1',741,556,'free',0,'2023-05-29 13:02:48','0000-00-00 00:00:00','0000-00-00 00:00:00'),(171,11,'h','k','5',171,894,'palets',0,'2023-05-29 13:02:48','0000-00-00 00:00:00','0000-00-00 00:00:00'),(181,121,'c','g','x',161,497,'free',1,'2023-05-29 13:02:48','0000-00-00 00:00:00','0000-00-00 00:00:00'),(191,171,'5','5','e',251,752,'palets',0,'2023-05-29 13:02:48','0000-00-00 00:00:00','0000-00-00 00:00:00'),(201,91,'g','3','9',961,324,'bags',1,'2023-05-29 13:02:48','0000-00-00 00:00:00','0000-00-00 00:00:00'),(211,111,'l','7','z',671,729,'bags',1,'2023-05-29 13:02:48','0000-00-00 00:00:00','0000-00-00 00:00:00'),(221,1,'h','9','r',131,760,'bags',0,'2023-05-29 13:02:48','0000-00-00 00:00:00','0000-00-00 00:00:00'),(231,71,'x','7','a',691,690,'free',0,'2023-05-29 13:02:49','0000-00-00 00:00:00','0000-00-00 00:00:00'),(241,141,'4','1','5',221,819,'free',0,'2023-05-29 13:02:49','0000-00-00 00:00:00','0000-00-00 00:00:00'),(251,161,'m','g','y',721,248,'boxes',1,'2023-05-29 13:02:49','0000-00-00 00:00:00','0000-00-00 00:00:00'),(261,51,'1','m','m',221,969,'bags',0,'2023-05-29 13:02:49','0000-00-00 00:00:00','0000-00-00 00:00:00'),(271,51,'x','d','b',961,565,'boxes',0,'2023-05-29 13:02:49','0000-00-00 00:00:00','0000-00-00 00:00:00'),(281,131,'k','z','8',961,526,'boxes',1,'2023-05-29 13:02:49','0000-00-00 00:00:00','0000-00-00 00:00:00'),(291,91,'p','d','w',661,832,'bags',0,'2023-05-29 13:02:49','0000-00-00 00:00:00','0000-00-00 00:00:00'),(301,151,'a','s','4',421,973,'free',0,'2023-05-29 13:02:49','0000-00-00 00:00:00','0000-00-00 00:00:00'),(311,81,'t','t','j',141,169,'boxes',0,'2023-05-29 13:02:49','0000-00-00 00:00:00','0000-00-00 00:00:00'),(321,31,'2','9','3',51,533,'boxes',0,'2023-05-29 13:02:49','0000-00-00 00:00:00','0000-00-00 00:00:00'),(331,51,'n','v','g',621,995,'free',1,'2023-05-29 13:02:49','0000-00-00 00:00:00','0000-00-00 00:00:00'),(341,111,'v','g','c',601,386,'boxes',1,'2023-05-29 13:02:49','0000-00-00 00:00:00','0000-00-00 00:00:00'),(351,41,'6','n','f',561,928,'bags',1,'2023-05-29 13:02:49','0000-00-00 00:00:00','0000-00-00 00:00:00'),(361,171,'i','w','l',511,450,'free',1,'2023-05-29 13:02:49','0000-00-00 00:00:00','0000-00-00 00:00:00'),(371,61,'q','3','p',741,293,'palets',1,'2023-05-29 13:02:49','0000-00-00 00:00:00','0000-00-00 00:00:00'),(381,21,'u','o','7',891,533,'boxes',1,'2023-05-29 13:02:50','0000-00-00 00:00:00','0000-00-00 00:00:00'),(391,31,'x','3','w',451,155,'boxes',1,'2023-05-29 13:02:50','0000-00-00 00:00:00','0000-00-00 00:00:00'),(401,151,'h','0','z',651,732,'palets',1,'2023-05-29 13:02:50','0000-00-00 00:00:00','0000-00-00 00:00:00'),(411,181,'t','2','l',21,466,'boxes',1,'2023-05-29 13:02:50','0000-00-00 00:00:00','0000-00-00 00:00:00'),(421,61,'6','1','9',401,644,'bags',0,'2023-05-29 13:02:50','0000-00-00 00:00:00','0000-00-00 00:00:00'),(431,91,'0','r','g',821,626,'bags',1,'2023-05-29 13:02:50','0000-00-00 00:00:00','0000-00-00 00:00:00'),(441,21,'t','l','z',811,880,'boxes',0,'2023-05-29 13:02:50','0000-00-00 00:00:00','0000-00-00 00:00:00'),(451,121,'j','4','q',51,166,'boxes',0,'2023-05-29 13:02:50','0000-00-00 00:00:00','0000-00-00 00:00:00'),(461,151,'d','k','2',191,722,'bags',0,'2023-05-29 13:02:50','0000-00-00 00:00:00','0000-00-00 00:00:00'),(471,181,'5','q','1',301,318,'bags',0,'2023-05-29 13:02:50','0000-00-00 00:00:00','0000-00-00 00:00:00'),(481,71,'o','0','p',451,122,'free',1,'2023-05-29 13:02:50','0000-00-00 00:00:00','0000-00-00 00:00:00'),(491,101,'5','c','w',711,666,'boxes',1,'2023-05-29 13:02:50','0000-00-00 00:00:00','0000-00-00 00:00:00'),(501,191,'a','m','l',541,711,'palets',1,'2023-05-29 13:02:50','0000-00-00 00:00:00','0000-00-00 00:00:00'),(511,141,'0','b','o',751,780,'boxes',0,'2023-05-29 13:02:50','0000-00-00 00:00:00','0000-00-00 00:00:00'),(521,141,'c','8','w',851,496,'boxes',0,'2023-05-29 13:02:50','0000-00-00 00:00:00','0000-00-00 00:00:00'),(531,41,'g','g','e',191,193,'free',0,'2023-05-29 13:02:50','0000-00-00 00:00:00','0000-00-00 00:00:00'),(541,191,'m','i','1',361,624,'boxes',1,'2023-05-29 13:02:51','0000-00-00 00:00:00','0000-00-00 00:00:00'),(551,81,'h','q','m',441,635,'bags',0,'2023-05-29 13:02:51','0000-00-00 00:00:00','0000-00-00 00:00:00'),(561,61,'z','0','9',571,512,'palets',1,'2023-05-29 13:02:51','0000-00-00 00:00:00','0000-00-00 00:00:00'),(571,21,'i','b','t',561,749,'free',0,'2023-05-29 13:02:51','0000-00-00 00:00:00','0000-00-00 00:00:00'),(581,31,'w','p','5',411,100,'palets',0,'2023-05-29 13:02:51','0000-00-00 00:00:00','0000-00-00 00:00:00'),(591,91,'2','v','i',221,713,'bags',1,'2023-05-29 13:02:51','0000-00-00 00:00:00','0000-00-00 00:00:00'),(601,151,'u','k','e',891,805,'free',1,'2023-05-29 13:02:51','0000-00-00 00:00:00','0000-00-00 00:00:00'),(611,41,'9','6','d',131,845,'boxes',0,'2023-05-29 13:02:51','0000-00-00 00:00:00','0000-00-00 00:00:00'),(621,61,'p','k','v',181,225,'boxes',0,'2023-05-29 13:02:51','0000-00-00 00:00:00','0000-00-00 00:00:00'),(631,161,'h','i','l',751,990,'free',0,'2023-05-29 13:02:51','0000-00-00 00:00:00','0000-00-00 00:00:00'),(641,11,'d','r','w',831,259,'bags',1,'2023-05-29 13:02:51','0000-00-00 00:00:00','0000-00-00 00:00:00'),(651,121,'q','q','d',541,764,'free',1,'2023-05-29 13:02:51','0000-00-00 00:00:00','0000-00-00 00:00:00'),(661,1,'2','k','z',571,727,'palets',1,'2023-05-29 13:02:51','0000-00-00 00:00:00','0000-00-00 00:00:00'),(671,21,'t','x','h',231,356,'bags',1,'2023-05-29 13:02:51','0000-00-00 00:00:00','0000-00-00 00:00:00'),(681,111,'m','8','9',21,120,'boxes',0,'2023-05-29 13:02:51','0000-00-00 00:00:00','0000-00-00 00:00:00'),(691,141,'o','3','8',641,367,'bags',1,'2023-05-29 13:02:52','0000-00-00 00:00:00','0000-00-00 00:00:00'),(701,51,'g','0','1',61,376,'bags',0,'2023-05-29 13:02:52','0000-00-00 00:00:00','0000-00-00 00:00:00'),(711,141,'p','j','2',781,922,'boxes',0,'2023-05-29 13:02:52','0000-00-00 00:00:00','0000-00-00 00:00:00'),(721,41,'6','z','1',821,569,'bags',1,'2023-05-29 13:02:52','0000-00-00 00:00:00','0000-00-00 00:00:00'),(731,181,'x','g','g',151,942,'free',1,'2023-05-29 13:02:52','0000-00-00 00:00:00','0000-00-00 00:00:00'),(741,101,'3','1','8',501,781,'boxes',0,'2023-05-29 13:02:52','0000-00-00 00:00:00','0000-00-00 00:00:00'),(751,41,'1','c','8',251,760,'palets',1,'2023-05-29 13:02:52','0000-00-00 00:00:00','0000-00-00 00:00:00'),(761,101,'b','m','f',641,708,'boxes',1,'2023-05-29 13:02:52','0000-00-00 00:00:00','0000-00-00 00:00:00'),(771,11,'1','t','l',951,984,'bags',1,'2023-05-29 13:02:52','0000-00-00 00:00:00','0000-00-00 00:00:00'),(781,171,'t','z','i',191,656,'boxes',1,'2023-05-29 13:02:52','0000-00-00 00:00:00','0000-00-00 00:00:00'),(791,171,'c','j','e',221,245,'palets',1,'2023-05-29 13:02:52','0000-00-00 00:00:00','0000-00-00 00:00:00'),(801,191,'q','3','k',711,677,'boxes',1,'2023-05-29 13:02:52','0000-00-00 00:00:00','0000-00-00 00:00:00'),(811,111,'9','e','z',61,935,'boxes',0,'2023-05-29 13:02:52','0000-00-00 00:00:00','0000-00-00 00:00:00'),(821,11,'w','s','h',961,506,'boxes',0,'2023-05-29 13:02:53','0000-00-00 00:00:00','0000-00-00 00:00:00'),(831,191,'3','b','j',281,625,'free',1,'2023-05-29 13:02:53','0000-00-00 00:00:00','0000-00-00 00:00:00'),(841,1,'7','7','u',811,539,'boxes',1,'2023-05-29 13:02:53','0000-00-00 00:00:00','0000-00-00 00:00:00'),(851,81,'7','c','6',941,303,'free',1,'2023-05-29 13:02:53','0000-00-00 00:00:00','0000-00-00 00:00:00'),(861,171,'4','s','7',491,838,'free',1,'2023-05-29 13:02:53','0000-00-00 00:00:00','0000-00-00 00:00:00'),(871,71,'x','o','k',471,365,'palets',1,'2023-05-29 13:02:53','0000-00-00 00:00:00','0000-00-00 00:00:00'),(881,31,'i','9','0',481,594,'boxes',0,'2023-05-29 13:02:53','0000-00-00 00:00:00','0000-00-00 00:00:00'),(891,71,'k','3','c',651,254,'bags',1,'2023-05-29 13:02:53','0000-00-00 00:00:00','0000-00-00 00:00:00'),(901,151,'8','2','n',921,866,'boxes',1,'2023-05-29 13:02:53','0000-00-00 00:00:00','0000-00-00 00:00:00'),(911,11,'7','k','r',391,698,'free',1,'2023-05-29 13:02:53','0000-00-00 00:00:00','0000-00-00 00:00:00'),(921,161,'e','a','e',231,719,'free',0,'2023-05-29 13:02:53','0000-00-00 00:00:00','0000-00-00 00:00:00'),(931,1,'g','o','y',571,515,'free',1,'2023-05-29 13:02:53','0000-00-00 00:00:00','0000-00-00 00:00:00'),(941,31,'2','4','0',341,845,'boxes',0,'2023-05-29 13:02:53','0000-00-00 00:00:00','0000-00-00 00:00:00'),(951,121,'9','f','3',881,236,'palets',0,'2023-05-29 13:02:53','0000-00-00 00:00:00','0000-00-00 00:00:00'),(961,91,'5','h','s',1,154,'bags',0,'2023-05-29 13:02:54','2023-05-31 14:52:18','0000-00-00 00:00:00'),(971,161,'5','1','o',281,968,'palets',1,'2023-05-29 13:02:54','0000-00-00 00:00:00','0000-00-00 00:00:00'),(981,71,'l','h','5',371,685,'bags',0,'2023-05-29 13:02:54','0000-00-00 00:00:00','0000-00-00 00:00:00'),(991,111,'4','y','b',781,254,'free',1,'2023-05-29 13:02:54','0000-00-00 00:00:00','0000-00-00 00:00:00'),(1001,81,'2','f','1',181,278,'palets',0,'2023-05-29 13:02:54','0000-00-00 00:00:00','0000-00-00 00:00:00'),(1011,1,'5','7','8',701,627,'free',0,'2023-05-29 13:02:54','0000-00-00 00:00:00','0000-00-00 00:00:00'),(1021,171,'y','x','2',1,615,'palets',0,'2023-05-29 13:02:54','2023-05-31 15:10:42','0000-00-00 00:00:00'),(1031,131,'u','j','f',41,988,'palets',0,'2023-05-29 13:02:54','0000-00-00 00:00:00','0000-00-00 00:00:00'),(1041,61,'l','s','5',921,284,'boxes',0,'2023-05-29 13:02:54','0000-00-00 00:00:00','0000-00-00 00:00:00'),(1051,81,'4','n','s',351,514,'free',1,'2023-05-29 13:02:54','0000-00-00 00:00:00','0000-00-00 00:00:00'),(1061,21,'a','l','p',201,737,'palets',0,'2023-05-29 13:02:54','0000-00-00 00:00:00','0000-00-00 00:00:00'),(1071,181,'v','4','4',61,434,'free',1,'2023-05-29 13:02:54','0000-00-00 00:00:00','0000-00-00 00:00:00'),(1081,31,'5','9','a',551,876,'boxes',1,'2023-05-29 13:02:54','0000-00-00 00:00:00','0000-00-00 00:00:00'),(1091,61,'0','b','3',11,663,'free',0,'2023-05-29 13:02:54','0000-00-00 00:00:00','0000-00-00 00:00:00'),(1101,161,'u','g','g',721,931,'bags',0,'2023-05-29 13:02:54','0000-00-00 00:00:00','0000-00-00 00:00:00'),(1111,21,'y','4','5',681,511,'boxes',0,'2023-05-29 13:02:55','0000-00-00 00:00:00','0000-00-00 00:00:00'),(1121,181,'z','e','w',361,677,'free',1,'2023-05-29 13:02:55','0000-00-00 00:00:00','0000-00-00 00:00:00'),(1131,21,'n','t','s',751,601,'boxes',0,'2023-05-29 13:02:55','0000-00-00 00:00:00','0000-00-00 00:00:00'),(1141,41,'9','s','y',951,847,'bags',0,'2023-05-29 13:02:55','0000-00-00 00:00:00','0000-00-00 00:00:00'),(1151,101,'n','d','q',71,406,'palets',0,'2023-05-29 13:02:55','0000-00-00 00:00:00','0000-00-00 00:00:00'),(1161,21,'x','z','z',901,710,'bags',1,'2023-05-29 13:02:55','0000-00-00 00:00:00','0000-00-00 00:00:00'),(1171,81,'e','e','4',231,437,'free',1,'2023-05-29 13:02:55','0000-00-00 00:00:00','0000-00-00 00:00:00'),(1181,1,'u','e','t',711,305,'boxes',0,'2023-05-29 13:02:55','0000-00-00 00:00:00','0000-00-00 00:00:00'),(1191,131,'6','x','8',441,934,'boxes',0,'2023-05-29 13:02:55','0000-00-00 00:00:00','0000-00-00 00:00:00'),(1201,171,'c','l','w',521,133,'palets',1,'2023-05-29 13:02:55','0000-00-00 00:00:00','0000-00-00 00:00:00'),(1211,61,'q','d','m',521,650,'free',0,'2023-05-29 13:02:55','0000-00-00 00:00:00','0000-00-00 00:00:00'),(1221,1,'9','u','9',871,648,'palets',0,'2023-05-29 13:02:55','0000-00-00 00:00:00','0000-00-00 00:00:00'),(1231,51,'o','y','w',661,907,'palets',0,'2023-05-29 13:02:55','0000-00-00 00:00:00','0000-00-00 00:00:00'),(1241,141,'i','8','f',981,147,'boxes',0,'2023-05-29 13:02:55','0000-00-00 00:00:00','0000-00-00 00:00:00'),(1251,81,'c','j','y',841,727,'palets',1,'2023-05-29 13:02:56','0000-00-00 00:00:00','0000-00-00 00:00:00'),(1261,71,'7','o','7',291,981,'palets',0,'2023-05-29 13:02:56','0000-00-00 00:00:00','0000-00-00 00:00:00'),(1271,131,'s','2','x',251,751,'boxes',1,'2023-05-29 13:02:56','0000-00-00 00:00:00','0000-00-00 00:00:00'),(1281,21,'z','e','o',251,147,'bags',0,'2023-05-29 13:02:56','0000-00-00 00:00:00','0000-00-00 00:00:00'),(1291,41,'j','a','w',281,454,'bags',0,'2023-05-29 13:02:56','0000-00-00 00:00:00','0000-00-00 00:00:00'),(1301,141,'6','a','c',961,276,'boxes',1,'2023-05-29 13:02:56','0000-00-00 00:00:00','0000-00-00 00:00:00'),(1311,191,'j','k','0',671,647,'free',1,'2023-05-29 13:02:56','0000-00-00 00:00:00','0000-00-00 00:00:00'),(1321,1,'u','x','2',881,381,'boxes',0,'2023-05-29 13:02:56','0000-00-00 00:00:00','0000-00-00 00:00:00'),(1331,1,'8','2','6',31,358,'bags',0,'2023-05-29 13:02:56','0000-00-00 00:00:00','0000-00-00 00:00:00'),(1341,121,'f','e','4',751,402,'bags',0,'2023-05-29 13:02:56','0000-00-00 00:00:00','0000-00-00 00:00:00'),(1351,11,'n','s','k',1,282,'free',0,'2023-05-29 13:02:56','2023-05-31 15:10:29','0000-00-00 00:00:00'),(1361,21,'h','d','g',321,873,'free',0,'2023-05-29 13:02:56','0000-00-00 00:00:00','0000-00-00 00:00:00'),(1371,121,'v','m','b',221,366,'bags',0,'2023-05-29 13:02:56','0000-00-00 00:00:00','0000-00-00 00:00:00'),(1381,31,'g','o','v',61,568,'palets',0,'2023-05-29 13:02:56','0000-00-00 00:00:00','0000-00-00 00:00:00'),(1391,121,'n','4','f',41,761,'boxes',0,'2023-05-29 13:02:56','2023-06-01 09:00:44','0000-00-00 00:00:00'),(1401,101,'6','6','6',881,396,'palets',0,'2023-05-29 13:02:57','0000-00-00 00:00:00','0000-00-00 00:00:00'),(1411,91,'d','t','b',281,488,'boxes',0,'2023-05-29 13:02:57','0000-00-00 00:00:00','0000-00-00 00:00:00'),(1421,41,'e','y','5',971,932,'palets',0,'2023-05-29 13:02:57','2023-06-01 09:00:39','0000-00-00 00:00:00'),(1431,81,'d','4','n',671,710,'palets',0,'2023-05-29 13:02:57','2023-06-01 09:00:37','0000-00-00 00:00:00'),(1441,11,'5','x','w',161,853,'bags',0,'2023-05-29 13:02:57','2023-06-01 09:00:34','0000-00-00 00:00:00'),(1451,111,'a','8','n',731,354,'palets',0,'2023-05-29 13:02:57','2023-06-01 09:00:31','0000-00-00 00:00:00'),(1461,141,'c','3','o',201,472,'bags',0,'2023-05-29 13:02:57','0000-00-00 00:00:00','0000-00-00 00:00:00'),(1471,181,'w','8','a',651,861,'boxes',0,'2023-05-29 13:02:57','2023-06-01 09:00:27','0000-00-00 00:00:00'),(1481,71,'1','q','v',821,535,'free',0,'2023-05-29 13:02:57','0000-00-00 00:00:00','0000-00-00 00:00:00'),(1491,171,'n','1','2',451,735,'free',0,'2023-05-29 13:02:57','0000-00-00 00:00:00','0000-00-00 00:00:00'),(1501,11,'4','e','a',181,352,'bags',0,'2023-05-31 15:14:21','2023-05-31 15:14:21','0000-00-00 00:00:00'),(1511,11,'3','q','b',181,24,'boxes',0,'2023-05-31 15:15:12','2023-05-31 15:15:12','0000-00-00 00:00:00'),(1521,11,'5','a','z',691,109,'free',0,'2023-05-31 15:16:48','2023-05-31 15:16:48','0000-00-00 00:00:00'),(1531,11,'2','t','e',471,12,'palets',0,'2023-05-31 15:19:53','2023-05-31 15:19:53','0000-00-00 00:00:00'),(1551,11,'6','u','f',441,0,'boxes',0,'2023-05-31 15:21:47','2023-05-31 15:21:48','0000-00-00 00:00:00'),(1561,11,'7','z','a',811,351,'bags',0,'2023-05-31 15:25:42','2023-05-31 15:25:42','0000-00-00 00:00:00'),(1571,11,'5','r','a',761,12,'bags',0,'2023-06-01 08:23:45','2023-06-01 08:23:45','0000-00-00 00:00:00'),(1581,11,'3','e','k',211,26,'boxes',0,'2023-06-01 08:26:06','2023-06-01 08:26:06','0000-00-00 00:00:00'),(1591,11,'2','d','a',751,98,'free',0,'2023-06-01 08:27:22','2023-06-01 08:27:22','0000-00-00 00:00:00'),(1601,11,'5','d','z',681,124,'palets',0,'2023-06-01 08:29:57','2023-06-01 08:29:57','0000-00-00 00:00:00');
/*!40000 ALTER TABLE "storage_unit" ENABLE KEYS */;
UNLOCK TABLES;

--
-- Table structure for table "sylius_address"
--

DROP TABLE IF EXISTS "sylius_address";
/*!40101 SET @saved_cs_client     = @@character_set_client */;
/*!50503 SET character_set_client = utf8mb4 */;
CREATE TABLE "sylius_address" (
  "id" int unsigned NOT NULL AUTO_INCREMENT,
  "customer_id" int NOT NULL,
  "first_name" varchar(255) NOT NULL,
  "last_name" varchar(255) NOT NULL,
  "company" varchar(255) DEFAULT NULL,
  "country_code" varchar(2) NOT NULL,
  "street" varchar(255) NOT NULL,
  "city" varchar(255) NOT NULL,
  "postcode" varchar(255) NOT NULL,
  "phone_number" varchar(255) DEFAULT NULL,
  PRIMARY KEY ("id"),
  KEY "fk_address_customer_id" ("customer_id"),
  CONSTRAINT "fk_address_customer_id" FOREIGN KEY ("customer_id") REFERENCES "sylius_customer" ("id") ON DELETE CASCADE ON UPDATE CASCADE
);
/*!40101 SET character_set_client = @saved_cs_client */;

--
-- Dumping data for table "sylius_address"
--

LOCK TABLES "sylius_address" WRITE;
/*!40000 ALTER TABLE "sylius_address" DISABLE KEYS */;
INSERT INTO "sylius_address" VALUES (1,121,'Hadley','West',NULL,'PK','Cartwright Fork','Nicholasfield','67140-7132','1-238-311-9469 x37084'),(11,801,'Lisandro','Upton',NULL,'DJ','Amelie Circles','Lake Malloryburgh','91442','1-937-240-1301 x510'),(21,231,'Rowan','Hammes',NULL,'WS','Altenwerth Meadows','East Crystel','94012','1-860-772-3381'),(31,581,'Cathryn','Aufderhar',NULL,'AT','Icie Hollow','East Gladys','44212','352-438-5249 x286'),(41,691,'Rodrigo','Kuhlman',NULL,'NA','Schmidt Alley','Aldafield','16697','339-675-8759'),(51,131,'Jayde','Braun',NULL,'LA','Jayne Ways','Faymouth','23646','414.638.2935 x278'),(61,561,'Earlene','Pfannerstill',NULL,'PG','Kuhlman Manor','Jessicahaven','61922-7069','482.626.3530'),(71,161,'Kristofer','Yundt',NULL,'PN','Omari Spurs','Port Stephan','60133-9424','668.971.6722'),(81,171,'Merlin','Prosacco',NULL,'MN','Kling Crossroad','Salvadorbury','27209','673-598-9926 x3957'),(91,541,'Constantin','Zulauf',NULL,'CI','Jovani Pike','Mohrcester','39205','(632) 502-8989 x835'),(101,371,'Addison','Willms',NULL,'CO','Stroman Creek','Lake Doris','26245','367.643.9031 x7002'),(111,951,'Christy','Homenick',NULL,'WS','Norwood Lane','Camilacester','70051','735-753-7672 x68186'),(121,171,'Sylvia','Weimann',NULL,'SE','Delphine Radial','Port Toy','96602-7280','761-912-3967'),(131,651,'Devan','O\'Connell',NULL,'LY','Ross Union','North Carolanne','97059','995.856.1647'),(141,391,'Damien','Bergstrom',NULL,'ME','Schumm Plains','Albincester','05647-4740','247.881.8097 x2855'),(151,771,'Mya','Hoppe',NULL,'AE','Rita Extensions','Hoppeland','60650','(558) 918-9217 x70008'),(161,591,'Herminia','Baumbach',NULL,'DK','Brando Squares','Gleasontown','39114-4934','1-912-790-6547 x881'),(171,621,'Abagail','Schaefer',NULL,'MY','Beier Roads','New Kareem','12609-5265','217.855.3756 x744'),(181,681,'Ciara','Marks',NULL,'HM','Audie Junctions','Fort Isac','67560-8407','272.887.6624'),(191,751,'Roderick','Stroman',NULL,'PR','Ottilie Turnpike','Bettyestead','82162-5746','490-647-6336 x54182'),(201,531,'Catherine','Towne',NULL,'NP','Jarrell Mews','North Nobleville','29411-4216','202-943-9723 x9305'),(211,821,'Tracey','O\'Hara',NULL,'GU','Christa Glens','Malcolmshire','96556','434.793.4653'),(221,161,'Heaven','Grady',NULL,'PK','Dianna Isle','Jacobsworth','82366-6593','1-200-828-0419'),(231,631,'Garth','Zboncak',NULL,'MH','Laisha Wells','Wolfbury','08767','(962) 565-7101 x91914'),(241,121,'Nelson','Volkman',NULL,'MX','Crona Wall','Blancheworth','80088','1-476-419-1479'),(251,481,'Kyler','McDermott',NULL,'MM','Thiel Trace','West Eviestad','20338-4396','772.262.4524 x2728'),(261,321,'Jailyn','Emard',NULL,'MT','Jed Groves','New Judahstad','63354','(404) 237-0551 x12083'),(271,951,'Olaf','Marks',NULL,'CC','Mayer Shores','Lake Blanca','49981','661-282-0451 x94364'),(281,321,'Devante','Schaefer',NULL,'SR','Kihn Brook','South Haley','26364','1-948-214-2878 x662'),(291,1,'Jewel','Tillman',NULL,'LY','Veum Alley','Port Magnoliachester','52210-3478','(836) 932-4453 x863'),(301,111,'Reta','Huels',NULL,'PT','Hodkiewicz Mount','Gleichnerstead','90214','(479) 336-0827 x68924'),(311,201,'Raleigh','Quigley',NULL,'RE','Zemlak Gateway','New Jenifer','22085','604.515.8878 x3121'),(321,691,'Madalyn','Torphy',NULL,'GW','Pagac Estates','Lake Moshe','34037-3643','330.961.9471 x164'),(331,231,'Nasir','O\'Keefe',NULL,'TZ','Chester Hills','Melvinahaven','37535','(511) 357-6919 x718'),(341,141,'Davion','Feeney',NULL,'GA','West Fort','Glennacester','83417','1-842-697-1248 x72083'),(351,671,'Toby','Thompson',NULL,'NO','Rath Roads','West Paolocester','41718','831-238-9246 x57890'),(361,101,'Osvaldo','Wintheiser',NULL,'GU','Estella Dam','Laishaview','56237-4461','1-852-265-7073 x3628'),(371,991,'Jerry','Blick',NULL,'CM','Dibbert Pines','Chesterfield','11279-7342','883-298-2395 x455'),(381,331,'Santa','Kub',NULL,'TN','Hegmann Manor','Terencecester','01680-1248','(973) 709-1237 x208'),(391,831,'Earl','Carroll',NULL,'NZ','Schmitt Streets','New Pasquale','90037-6282','968.210.8137 x681'),(401,471,'Santa','Lang',NULL,'SD','Mueller Parkways','South Peytonstead','59452-2749','978.488.8377 x4134'),(411,11,'Dayana','Yundt',NULL,'IE','Juliet Harbors','Bernhardmouth','28140','257-967-0569 x84244'),(421,701,'Shane','Wiegand',NULL,'CZ','Winona Haven','Laurieborough','60521-3321','349.800.1026 x82478'),(431,771,'Rossie','Bins',NULL,'BN','Bins Loop','Haneworth','94983','(384) 805-4408 x499'),(441,891,'Hollis','Rutherford',NULL,'BV','Ryan Fort','Port Heath','25847','(292) 485-6022 x56440'),(451,271,'Gia','Carroll',NULL,'BZ','Wilderman Fork','Auerside','26110','(930) 719-6067 x74464'),(461,811,'Timothy','Wolf',NULL,'SZ','Torrey Cliff','North Boville','40832-6777','(988) 730-9033 x9262'),(471,11,'Christophe','Goyette',NULL,'TZ','Pat Courts','Domenicaport','57519-2071','582-902-8118 x67494'),(481,81,'Toby','Harber',NULL,'DJ','Vance Cape','New Francisca','18335-3336','1-858-494-7674'),(491,521,'Matt','Gleason',NULL,'MF','Ernest Haven','West Eve','72676','1-203-932-5162 x6599'),(501,241,'Braden','Greenholt',NULL,'FI','Jast Extension','East Rosalyn','12591','(784) 508-2283 x2430'),(511,911,'Spencer','Bradtke',NULL,'SS','Turner Fall','Melynafort','49391-1682','(922) 740-4891 x650'),(521,581,'Tito','Wiza',NULL,'NO','Mohammed Port','Shanahanport','33412','(769) 379-7774 x192'),(531,261,'Alysha','Nitzsche',NULL,'AX','Hilpert Streets','Braunside','38329','668.306.9738 x744'),(541,961,'Demetrius','Gerlach',NULL,'ML','Nellie Keys','New Kian','15459-4005','1-978-827-7204 x919'),(551,821,'Olen','VonRueden',NULL,'HU','Nedra Fields','South Glennie','67520','899.851.4864'),(561,81,'Gaetano','Marquardt',NULL,'PH','Clarabelle Meadow','East Florine','55499','(324) 851-8943'),(571,851,'Nella','Kuhic',NULL,'BW','Jedidiah Bridge','Lake Gino','21354','330-793-7145 x5284'),(581,181,'Ophelia','O\'Hara',NULL,'SR','Stefanie Mill','Blakestead','28984-4452','841-409-7479 x150'),(591,931,'Wilfred','Glover',NULL,'MU','Bechtelar Throughway','Lake Crystelborough','17508-6126','457.618.8717 x6709'),(601,791,'Greta','Cremin',NULL,'LU','Brakus Fork','North Issac','99996-5726','507.205.1090'),(611,331,'Brooklyn','Gerhold',NULL,'KG','Kiera Rapids','Jensenborough','35397-8599','1-918-305-4004 x9626'),(621,581,'Garfield','Kessler',NULL,'GD','Schmitt Fords','Mckenzieshire','43919','1-629-694-0256 x430'),(631,961,'Nayeli','Cummerata',NULL,'HN','Smitham Passage','Aminaborough','22692-7951','303-503-1867 x646'),(641,301,'Jamey','Grant',NULL,'DE','Greyson Extensions','South Brandt','73800-8537','1-590-330-2183 x24401'),(651,511,'Jensen','Beatty',NULL,'HN','Marjolaine Burg','Lake Anitaboro','46013','1-934-997-5839 x842'),(661,291,'Maya','Bernier',NULL,'NZ','Skiles Junction','West Jaiden','55242','(430) 583-6212 x315'),(671,81,'Garett','Willms',NULL,'NF','Maddison Forges','Merlhaven','91630','315-545-9874 x36489'),(681,41,'Leonardo','Cruickshank',NULL,'ID','Elta Shoals','Lake Jed','55486-8608','373.410.2955 x826'),(691,1,'Jaime','Schroeder',NULL,'SM','Russel Forge','Framiboro','00776-5078','(413) 724-9768 x78926'),(701,71,'Audie','Ledner',NULL,'GR','Gleichner Valley','New Erika','94042-5635','796.645.6685 x80735'),(711,491,'Leta','Zulauf',NULL,'LS','Tracey Freeway','West Fred','90243-9774','751-259-2121 x030'),(721,581,'Reyna','Conn',NULL,'CO','Brakus Ways','Nadermouth','10519','1-815-515-9527'),(731,931,'Hank','Hilll',NULL,'LA','Pacocha Trail','Margretland','89959','1-269-903-8156'),(741,521,'Estell','Brakus',NULL,'BD','Crist Field','Elliotstad','99897-2587','274-532-7026 x520'),(751,581,'Dovie','Stracke',NULL,'KM','Hills Alley','Port Carleeshire','90047-6688','899-636-2299'),(761,491,'Lulu','Casper',NULL,'VG','Paucek Heights','Stiedemannville','90045-5157','1-560-514-6157'),(771,861,'Abbey','Gusikowski',NULL,'ER','Daugherty Skyway','Port Margret','95870-0900','764-705-8585 x978'),(781,911,'Crystel','Olson',NULL,'UM','Myah Divide','Bernhardview','09463','461.387.8626 x15498'),(791,701,'Alice','Deckow',NULL,'NG','Orland Centers','Merrittbury','75742','(764) 909-9071 x139'),(801,1,'Gloria','Ratke',NULL,'ER','Parisian Wells','Kadenfield','65183','1-334-293-6570 x3704'),(811,581,'Ronny','Feeney',NULL,'PG','Lauren Stream','Lake Jaiden','23615','950-378-0496 x147'),(821,551,'Liza','Satterfield',NULL,'GN','Josue Mount','Howellhaven','94202-0693','(878) 374-5589 x39439'),(831,101,'Melyssa','Kunze',NULL,'HU','Murphy Loop','Croninburgh','67009','1-275-472-9182 x6496'),(841,1,'Charlie','Wehner',NULL,'HT','Hilll Ways','O\'Keefeport','90464-0902','790-796-1900 x1507'),(851,331,'Maxwell','Schroeder',NULL,'BG','Alvera Shoal','Vernaville','05875-8116','869.367.5479 x4374'),(861,351,'Alec','Luettgen',NULL,'GE','Alfonzo Radial','Aratown','00571-2666','444.374.3119 x227'),(871,841,'Lyda','Monahan',NULL,'LA','Labadie Valley','Port Gladyce','59125','1-911-799-4611'),(881,861,'Keeley','Lehner',NULL,'MY','Abshire Corner','Jacobiberg','22850-1455','926-954-0439 x602'),(891,121,'Aida','Kunze',NULL,'SI','Mann Rue','Kuhnberg','40510-8529','1-661-509-5699 x177'),(901,541,'Delfina','Parisian',NULL,'KZ','Howe Green','New Ebonyworth','22476-5512','(749) 565-5215 x6411'),(911,841,'Gregory','Hegmann',NULL,'MW','Ryan Lights','West Hoyt','05517-3349','446-475-6103'),(921,521,'Autumn','Schowalter',NULL,'FR','Kailee Crossroad','New Karenworth','91720','(601) 491-4104'),(931,321,'Meagan','Schowalter',NULL,'SN','Boyle Turnpike','East Linniestad','86959','884-527-9621'),(941,931,'Allene','Walker',NULL,'EC','Vicky Centers','Ulisesland','24937','(606) 490-8848 x52676'),(951,991,'Neil','Gorczany',NULL,'EE','Jada Stream','Gutkowskimouth','65604-2985','390-657-6268 x1514'),(961,781,'Rocky','Bogisich',NULL,'AX','Fred Forge','Port Hillard','01456-0016','968-685-1136 x5309'),(971,11,'Kali','Roob',NULL,'UG','Weber Fort','Gertrudeberg','47336','1-849-264-8168 x937'),(981,251,'Helmer','Miller',NULL,'HT','Lou Wall','Langcester','28376','(636) 754-5867 x20105'),(991,531,'Henry','Swaniawski',NULL,'GS','Kathryn Mount','South Victorport','99379','541.623.8938 x500'),(1001,71,'Wilton','Konopelski',NULL,'US','Malachi Fork','Evertshire','38432','1-753-478-2164 x7907'),(1011,571,'Joesph','Fahey',NULL,'NU','Nora Knoll','Goyettefurt','18725','592-226-1266 x680'),(1021,751,'Kyleigh','Funk',NULL,'SO','Wisoky Mountain','New Elvis','07950','276-480-2445 x708'),(1031,771,'Elvera','Prohaska',NULL,'CK','Dicki Pike','East Saige','50198-9337','1-798-473-6566 x887'),(1041,971,'Helga','Kub',NULL,'MY','Gage Glen','West Jazmynemouth','57734-5448','505-536-4738 x4959'),(1051,251,'Gillian','McDermott',NULL,'SE','Schroeder Well','South Adan','96890','1-273-356-6830 x11016'),(1061,821,'Daryl','Smitham',NULL,'FK','Alysha Way','Waltonville','13069','918.790.8432'),(1071,431,'Destinee','Macejkovic',NULL,'BJ','Cole Mill','Port Ericka','07247','1-633-745-7015 x56398'),(1081,411,'Jose','Cremin',NULL,'IE','Matt Brooks','Rempelport','77231','667.387.4704 x530'),(1091,411,'Anais','Barton',NULL,'VA','Marley Place','North Howardport','35866-2846','523.513.8595'),(1101,911,'Nicola','Kovacek',NULL,'NE','Rippin Parkway','West Bransonfield','95680','(787) 757-2481 x50727'),(1111,781,'Dorothea','Mills',NULL,'NU','Estefania Locks','West Kierastead','72689-0000','1-778-438-4827 x81094'),(1121,831,'Mya','Hamill',NULL,'NI','Sebastian Neck','South Rachellefield','09191','440-894-3705'),(1131,961,'Garrick','D\'Amore',NULL,'MF','Morissette Neck','Valentinestead','61985-1857','1-400-350-0076 x185'),(1141,21,'Addison','Hayes',NULL,'EC','Lonny Cliffs','North Eunice','92708','798-373-4433 x6279'),(1151,291,'Coby','Pfannerstill',NULL,'BG','Mariane Harbors','Lake Wilfredofurt','07040','222.406.6582 x2314'),(1161,561,'Kellen','Champlin',NULL,'AM','Louvenia Extension','Borerside','92350','273-793-7033 x43526'),(1171,71,'Abdul','Olson',NULL,'SI','Krista Falls','New Marleneboro','28506','(962) 318-0828'),(1181,151,'Herminio','Hauck',NULL,'BL','Lorenz Junctions','Port Reece','85635-0408','(482) 504-3377 x5868'),(1191,31,'Lenore','Kling',NULL,'GS','Lauren Plain','West Mistyland','99003','(743) 576-4116 x7721'),(1201,151,'Mervin','Feil',NULL,'TD','Lexi River','Trevionshire','77682-6434','370.825.1984 x192'),(1211,451,'Dolly','Zulauf',NULL,'LC','Hanna Estate','Johnathanfort','62345','398-508-8248'),(1221,981,'Kaitlyn','Abernathy',NULL,'WS','Carolyne Hill','Hettingerton','22011-4305','241.883.0062 x6386'),(1231,511,'Kelsie','Zieme',NULL,'CU','Hammes Ridge','Runtefort','26302','1-921-735-7638 x218'),(1241,61,'Winfield','Hessel',NULL,'HU','Harris Run','East Edgardoshire','98825-6969','508-225-2556 x1369'),(1251,61,'Eulah','Murazik',NULL,'IN','Bernier Pine','Felipaworth','54191-8959','332.612.7899 x8503'),(1261,511,'Darrin','Casper',NULL,'CF','Weber Dam','Lake Blakeland','78742-4792','294.739.6373'),(1271,671,'Modesto','Gislason',NULL,'LT','Kunde Light','Lake Ednaberg','46946-0106','483.604.7019 x593'),(1281,171,'Benton','Morissette',NULL,'FI','Van River','Port Domenic','78805-3202','321.584.7441 x152'),(1291,231,'Laury','Huel',NULL,'TO','Fiona Forge','Darbyboro','64398-1999','1-845-248-1852 x26373'),(1301,271,'Lauren','Zieme',NULL,'AO','Davonte Street','Bartonworth','00068','807.842.3494 x451'),(1311,701,'Vladimir','Green',NULL,'MQ','Modesta Union','Lawrenceport','06108','1-554-239-9918 x576'),(1321,341,'Murl','Beatty',NULL,'SH','Gerhold Crossing','Simonisside','67868-0736','722.619.5822 x3832'),(1331,301,'Germaine','Mueller',NULL,'KN','Kihn Courts','Kleinfort','73022','686-772-8444'),(1341,821,'Marian','Thiel',NULL,'SC','Raynor Brooks','Jarretburgh','14139','696-497-0902 x752'),(1351,111,'Nash','Kuphal',NULL,'SB','Coleman Throughway','Gilbertomouth','51864-6315','369-320-5509 x95078'),(1361,161,'Ceasar','Davis',NULL,'AL','Tremblay Dam','Maudemouth','25050-0574','503-587-3754 x52275'),(1371,61,'Milton','Cartwright',NULL,'AG','West Walk','South Grayson','77462-6347','696-413-5105'),(1381,641,'Rudy','Schoen',NULL,'LU','Batz Underpass','Harbermouth','53451-9226','(583) 263-5943'),(1391,491,'Kristopher','Kuhic',NULL,'PR','Tillman Heights','West Mittie','65635','1-515-285-1557 x1540'),(1401,331,'Rosalyn','Daniel',NULL,'GB','Kuhlman Passage','East Julianne','97091','366-992-9461 x3800'),(1411,951,'Kailey','Moore',NULL,'HN','Gregoria Place','Tatumside','52100','679.697.0922 x0275'),(1421,71,'Avis','Davis',NULL,'NP','Claud Meadows','West Gladys','69324','575.805.7224 x7907'),(1431,181,'Kyle','Barton',NULL,'IM','Asa Pine','North Aydenberg','57936-8438','973.267.9609 x143'),(1441,621,'Neoma','Herman',NULL,'BH','Cruickshank Trail','North Ernestine','14269-6979','695.676.7874 x5071'),(1451,431,'Jaron','Cartwright',NULL,'GU','Barton Track','New Lillachester','48156','292.871.0188 x20700'),(1461,461,'Collin','Rutherford',NULL,'VN','Franey Shoal','Port Arnaldoside','44082','612-928-0492 x189'),(1471,631,'Tyrese','Stokes',NULL,'MO','Verda Coves','Altheatown','03827','(526) 861-1454 x3671'),(1481,511,'Tate','Adams',NULL,'PA','Aric Row','East Chadrick','29631','453-272-8339 x0809'),(1491,21,'Winnifred','Nicolas',NULL,'ES','Jayce Spur','Heathcotetown','02565-9451','821.620.2728'),(1501,961,'Van','Blick',NULL,'IR','Beahan Rest','Lake Kiera','46602','498-581-5416 x4119'),(1511,971,'Keshaun','Terry',NULL,'HK','Krajcik Point','North Ruth','24382-6221','1-632-386-5828 x7580'),(1521,201,'Garrison','Breitenberg',NULL,'AF','Kole Orchard','South Myriamville','45782-7494','798-229-8339 x6133'),(1531,811,'Gene','Feil',NULL,'CH','Wisoky Radial','Tiffanyhaven','22841-0226','453.756.1961 x407'),(1541,611,'Ryley','Collins',NULL,'GR','Ken Plains','Weissnatton','72895-1403','894.788.1604'),(1551,211,'Darby','Emard',NULL,'VE','Cronin Isle','Murraybury','30456','945.881.7696'),(1561,951,'Aniya','Schneider',NULL,'IE','Anita Summit','Fort Heber','12589','989.311.9511 x4542'),(1571,931,'Osbaldo','Padberg',NULL,'BB','Kiehn Pass','North Emory','04064','945-390-7914 x619'),(1581,401,'Devonte','Bradtke',NULL,'ZW','Elton Stravenue','Danielton','68335','(233) 400-5566 x99910'),(1591,771,'Lera','Hackett',NULL,'KW','Titus Knoll','Ziemefield','14709-4351','1-346-439-3502 x8898'),(1601,301,'Liza','Wiegand',NULL,'DK','Considine Mission','Heatherview','65168-0520','1-725-393-1078 x7167'),(1611,41,'Adela','Hintz',NULL,'AL','Koss Parkway','New Austincester','34810','1-809-223-2198 x4641'),(1621,121,'Elmira','Ritchie',NULL,'SO','Quentin Heights','West Lester','12181-7507','413-461-9080 x731'),(1631,881,'Bernhard','Carter',NULL,'ST','Lucious Summit','Johnsonfurt','79092','432.281.8121'),(1641,621,'Junior','Hilpert',NULL,'IQ','Elbert Circles','Jerrymouth','57760-7077','697-656-9235 x9063'),(1651,991,'Ariel','Bergstrom',NULL,'TO','Kuphal Corner','New Josianne','56887','279.546.3038 x703'),(1661,311,'Vaughn','Lockman',NULL,'GD','Leffler Hollow','Jamaalworth','29118-1109','642-449-5917 x27002'),(1671,51,'Garrison','Schiller',NULL,'CA','Jettie Drives','Vedaberg','97058-1269','(845) 760-6876'),(1681,801,'Silas','Blanda',NULL,'BA','Weber Forks','Hollyburgh','66740','(811) 260-1702'),(1691,71,'Houston','Fisher',NULL,'BG','Cristobal Knolls','Rogeliofort','38131','(992) 232-5272'),(1701,481,'Sim','Kuhic',NULL,'JO','Cronin Centers','Daytontown','19960-9070','(767) 815-8524'),(1711,951,'Oleta','Schoen',NULL,'BJ','Nikolaus Throughway','Schusterhaven','83545','926-800-9062 x05646'),(1721,571,'Ernestine','Schinner',NULL,'BW','Oberbrunner Trafficway','New Jermain','84531','(849) 484-7750 x3335'),(1731,201,'Rex','Gorczany',NULL,'MR','Keyon Pine','Fort Annecester','20148','(867) 209-2111 x098'),(1741,51,'Alayna','Zemlak',NULL,'CX','Considine Inlet','Lake Yolandachester','27601-6940','(982) 628-9431'),(1751,931,'Colleen','Lehner',NULL,'KH','Waters Mount','East Ashatown','57011','(279) 744-1972'),(1761,141,'Antonette','Okuneva',NULL,'AZ','Elmira Ways','Jermeyburgh','71097','(423) 241-4443 x38309'),(1771,301,'Kira','O\'Connell',NULL,'PF','Ernser Circles','Port D\'angeloton','25335','(856) 752-5548 x861'),(1781,361,'Kody','Rogahn',NULL,'BY','Dean Squares','South Anitamouth','70235','797-683-5696 x55742'),(1791,931,'Gudrun','Hettinger',NULL,'MX','Lockman Roads','Tellyburgh','07804','1-211-454-9489 x053'),(1801,541,'Freeman','Ortiz',NULL,'IS','Bode Hollow','Lindgrenborough','88092-2916','682.758.7416 x276'),(1811,651,'Larue','Berge',NULL,'PS','Nitzsche Cove','East Bartholomecester','51519','(236) 963-9467 x19592'),(1821,651,'Ned','Schaden',NULL,'BG','Sheridan Island','South Bart','66663','(875) 621-1615 x3579'),(1831,501,'Hassie','McKenzie',NULL,'DM','Claudie Neck','Calebport','03735-2604','587.841.9632'),(1841,291,'Gino','Rodriguez',NULL,'HU','Lemke Ridge','Hilbertshire','63871-4955','474.756.4676 x1924'),(1851,401,'Carlotta','Ledner',NULL,'PG','Beatrice Glen','Clarkbury','24415-1132','374-865-4135 x810'),(1861,931,'Tito','Beahan',NULL,'NO','Paxton Center','Lake Brenda','42797','556-658-7510 x6756'),(1871,441,'Johnathon','Turner',NULL,'GA','Jenkins Well','South Anastacio','49683-0145','437.972.1308'),(1881,611,'Noe','O\'Kon',NULL,'AR','Wava Alley','West Garnettfield','22638','1-876-920-7880'),(1891,71,'Hudson','Kilback',NULL,'IO','Scotty Walks','Moenland','60331','1-782-938-9744 x8617'),(1901,91,'Elton','Olson',NULL,'CU','Yesenia Curve','New Urbanview','38658-0528','(969) 412-1016'),(1911,951,'Jettie','Murphy',NULL,'SY','Gorczany Forges','Gailville','27405-1872','(413) 744-3715 x679'),(1921,671,'Isabella','Collier',NULL,'TD','Douglas Ways','Kleinstead','04682','287.683.0331 x00724'),(1931,841,'Maryse','Weber',NULL,'CY','Rolfson Square','South Mellie','58667','991-376-8620 x7148'),(1941,541,'Rahul','Pagac',NULL,'RS','Gislason Lights','Danielfield','81077','1-277-681-8286'),(1951,631,'Maybelle','Runte',NULL,'NP','Tremblay Vista','Markusstead','47134','210.265.5731 x4566'),(1961,431,'Gabe','Rippin',NULL,'IO','Pierre Branch','New Tara','50050','540-599-6091'),(1971,501,'Clemens','Konopelski',NULL,'SO','Felicity Walks','Uptonborough','13491-5405','958-626-1555'),(1981,971,'Tomas','Rolfson',NULL,'EG','Lonny Court','Bednarcester','39132','(906) 638-1881 x8853'),(1991,501,'Haskell','Bashirian',NULL,'HT','Alyson Mews','Port Elwinhaven','86908-8756','(689) 416-3700 x0771');
/*!40000 ALTER TABLE "sylius_address" ENABLE KEYS */;
UNLOCK TABLES;

--
-- Table structure for table "sylius_customer"
--

DROP TABLE IF EXISTS "sylius_customer";
/*!40101 SET @saved_cs_client     = @@character_set_client */;
/*!50503 SET character_set_client = utf8mb4 */;
CREATE TABLE "sylius_customer" (
  "id" int NOT NULL AUTO_INCREMENT,
  "first_name" varchar(255) NOT NULL,
  "last_name" varchar(255) NOT NULL,
  "email" varchar(255) NOT NULL,
  "company" varchar(255) DEFAULT NULL,
  "gender" varchar(10) DEFAULT NULL,
  "birthday" date DEFAULT NULL,
  "created_at" datetime NOT NULL,
  "updated_at" datetime NOT NULL,
  PRIMARY KEY ("id")
);
/*!40101 SET character_set_client = @saved_cs_client */;

--
-- Dumping data for table "sylius_customer"
--

LOCK TABLES "sylius_customer" WRITE;
/*!40000 ALTER TABLE "sylius_customer" DISABLE KEYS */;
INSERT INTO "sylius_customer" VALUES (1,'Shanon','Deckow','Westley.Luettgen@gmail.com',NULL,'Ms','1962-04-25','2023-05-29 13:51:26','2023-05-28 22:03:30'),(11,'Chandler','Kerluke','Karina58@hotmail.com',NULL,'M','2002-09-09','2023-05-28 23:45:49','2023-05-29 08:32:05'),(21,'Hester','Tillman','Lempi56@gmail.com',NULL,'M','1993-12-26','2023-05-29 04:42:42','2023-05-29 14:25:56'),(31,'Reuben','Mitchell','Lester.Barton48@yahoo.com',NULL,'M','1993-08-12','2023-05-29 14:59:29','2023-05-28 19:00:36'),(41,'Kurtis','Goyette','Raina.Crist66@gmail.com',NULL,'M','1970-07-04','2023-05-28 21:24:28','2023-05-28 16:50:00'),(51,'Christopher','Larkin','Itzel78@hotmail.com',NULL,'M','1947-11-21','2023-05-29 05:33:14','2023-05-28 23:35:50'),(61,'Wilton','Quitzon','Leilani39@yahoo.com',NULL,'Ms','1984-08-27','2023-05-29 09:07:52','2023-05-29 07:42:38'),(71,'Gunner','Mayer','Olga56@hotmail.com',NULL,'M','1997-04-16','2023-05-29 08:59:40','2023-05-28 17:01:03'),(81,'Monique','Robel','Jaylan80@yahoo.com',NULL,'M','1990-01-18','2023-05-28 23:39:36','2023-05-28 16:16:10'),(91,'Jovan','Heaney','Kelvin.Gorczany@gmail.com',NULL,'M','1955-10-06','2023-05-29 04:21:09','2023-05-29 05:10:17'),(101,'Ken','Konopelski','Lilian_Corkery32@hotmail.com',NULL,'M','1978-03-15','2023-05-29 02:28:01','2023-05-28 23:08:58'),(111,'Samanta','O\'Hara','Zoila_Bernier78@hotmail.com',NULL,'M','1970-02-06','2023-05-28 22:05:57','2023-05-29 01:23:02'),(121,'Adan','Quigley','Fernando_Wisoky74@hotmail.com',NULL,'Ms','1972-11-15','2023-05-29 10:18:25','2023-05-29 06:46:23'),(131,'Ally','Stroman','Scot.Dickinson44@gmail.com',NULL,'Ms','1978-04-02','2023-05-29 00:47:11','2023-05-29 12:17:58'),(141,'Alfredo','Mosciski','Consuelo.Quitzon54@hotmail.com',NULL,'M','1959-12-08','2023-05-29 08:18:07','2023-05-29 11:16:25'),(151,'Pearline','Ferry','Zora.Effertz80@gmail.com',NULL,'Ms','1945-08-23','2023-05-28 15:26:23','2023-05-28 17:31:26'),(161,'Benny','Kautzer','Irma_Schneider13@hotmail.com',NULL,'M','1981-04-24','2023-05-28 16:46:41','2023-05-29 01:09:52'),(171,'Dereck','Padberg','Efrain_Kilback@hotmail.com',NULL,'Ms','1992-08-02','2023-05-29 05:40:48','2023-05-29 14:26:22'),(181,'Kaitlin','Purdy','Demario.Sanford@hotmail.com',NULL,'Ms','1955-04-05','2023-05-29 12:37:17','2023-05-29 11:51:54'),(191,'Jerrold','O\'Hara','Yadira.Glover55@gmail.com',NULL,'M','1962-01-03','2023-05-29 07:30:18','2023-05-28 22:43:41'),(201,'Edmond','Konopelski','Ansel.Hermann29@hotmail.com',NULL,'M','1963-03-02','2023-05-29 04:34:27','2023-05-29 07:38:47'),(211,'Amanda','Jacobson','Ulices_Wolf56@gmail.com',NULL,'M','1948-05-13','2023-05-29 04:28:04','2023-05-28 20:19:15'),(221,'Laverne','Hand','Devon_Predovic46@gmail.com',NULL,'M','2003-10-26','2023-05-28 22:28:53','2023-05-29 04:00:03'),(231,'Hobart','Yundt','Alivia79@gmail.com',NULL,'M','1995-02-02','2023-05-29 01:52:03','2023-05-28 20:31:10'),(241,'Adella','Green','Cierra63@gmail.com',NULL,'M','1945-02-01','2023-05-29 12:01:45','2023-05-28 17:06:12'),(251,'Eula','Runte','Miracle86@yahoo.com',NULL,'Ms','1985-09-27','2023-05-29 01:37:13','2023-05-29 01:31:54'),(261,'Quinten','Block','Sam48@hotmail.com',NULL,'M','2003-11-09','2023-05-29 00:23:50','2023-05-29 01:43:17'),(271,'Shanelle','Hamill','Earline_Rowe13@gmail.com',NULL,'Ms','1944-01-11','2023-05-28 20:57:22','2023-05-28 16:28:11'),(281,'Elbert','Block','Fabian.Rowe55@hotmail.com',NULL,'M','1981-01-26','2023-05-28 15:08:14','2023-05-28 23:39:37'),(291,'Steve','Reichert','Kaela67@gmail.com',NULL,'M','1990-06-27','2023-05-28 17:18:27','2023-05-28 21:33:59'),(301,'Tyra','Thompson','Paul.MacGyver83@gmail.com',NULL,'M','1948-05-21','2023-05-28 22:21:52','2023-05-29 04:45:47'),(311,'Fanny','Rolfson','Patrick.Tromp@hotmail.com',NULL,'Ms','1992-07-11','2023-05-28 21:37:15','2023-05-28 19:39:12'),(321,'Keanu','Rolfson','Elijah.Luettgen@yahoo.com',NULL,'Ms','1972-06-22','2023-05-29 14:44:52','2023-05-29 07:46:19'),(331,'Eldred','Greenholt','Burnice.Bashirian@gmail.com',NULL,'M','1984-05-30','2023-05-28 23:30:32','2023-05-28 19:23:12'),(341,'Adrian','Ebert','Elvera14@gmail.com',NULL,'M','1983-09-23','2023-05-28 23:05:33','2023-05-29 09:07:37'),(351,'Dolores','Kuhn','Domenica.Bechtelar84@gmail.com',NULL,'M','1959-10-20','2023-05-29 14:40:14','2023-05-29 07:27:48'),(361,'Jenifer','Cremin','Otto1@yahoo.com',NULL,'M','1954-08-07','2023-05-28 18:05:56','2023-05-29 01:24:09'),(371,'Michael','Kautzer','Gardner.Carroll@gmail.com',NULL,'M','1971-08-04','2023-05-29 00:39:01','2023-05-29 03:29:26'),(381,'Dovie','Grimes','Florian.Lind36@gmail.com',NULL,'M','1977-08-09','2023-05-28 17:15:40','2023-05-29 01:24:19'),(391,'Emilie','Johnston','Nathen_Hegmann@gmail.com',NULL,'M','1951-02-22','2023-05-29 14:43:14','2023-05-29 03:37:02'),(401,'Anya','Sauer','Vivienne49@yahoo.com',NULL,'Ms','1955-06-03','2023-05-29 04:24:31','2023-05-29 04:22:09'),(411,'Abner','Bogisich','Zella74@hotmail.com',NULL,'M','1971-01-08','2023-05-28 21:08:23','2023-05-29 01:23:15'),(421,'Andre','Lebsack','Jazmyn.Pouros@gmail.com',NULL,'M','1956-12-07','2023-05-28 16:20:36','2023-05-28 20:27:07'),(431,'Emery','Stracke','Elisa.Corkery@gmail.com',NULL,'Ms','1982-07-22','2023-05-29 10:50:27','2023-05-29 02:42:31'),(441,'Dwight','Bauch','Urban87@yahoo.com',NULL,'Ms','2004-01-03','2023-05-28 21:20:45','2023-05-28 17:32:53'),(451,'Otha','Howell','Lulu7@gmail.com',NULL,'M','1989-02-04','2023-05-28 18:05:59','2023-05-29 03:28:39'),(461,'Pansy','Cassin','Alexane.Metz@gmail.com',NULL,'Ms','1952-01-03','2023-05-29 02:26:05','2023-05-29 11:45:33'),(471,'Velda','Bernier','Blanche21@yahoo.com',NULL,'M','1955-10-10','2023-05-29 02:24:48','2023-05-29 03:52:04'),(481,'Joanne','Ward','Vaughn_VonRueden47@gmail.com',NULL,'M','1999-05-02','2023-05-28 18:54:28','2023-05-29 10:32:32'),(491,'Magnolia','Schaefer','Celine.Farrell25@hotmail.com',NULL,'M','1949-06-01','2023-05-28 17:56:02','2023-05-29 06:08:43'),(501,'Odell','Rempel','Ezequiel_Towne94@gmail.com',NULL,'Ms','1994-08-27','2023-05-29 10:20:43','2023-05-29 08:14:47'),(511,'Tanner','Streich','Boris.Jacobs@yahoo.com',NULL,'M','1965-12-14','2023-05-29 00:05:22','2023-05-28 20:36:40'),(521,'Emilie','Bergstrom','Jaleel_Grady86@gmail.com',NULL,'Ms','1970-12-17','2023-05-28 22:05:45','2023-05-29 00:30:47'),(531,'Gilberto','Hackett','Yvonne.Doyle50@gmail.com',NULL,'Ms','1953-09-28','2023-05-28 15:04:34','2023-05-28 16:05:49'),(541,'Iliana','Roob','Donato.Beahan41@gmail.com',NULL,'M','1996-11-27','2023-05-29 03:20:09','2023-05-29 04:37:10'),(551,'Trinity','Kessler','Fanny.Gusikowski47@hotmail.com',NULL,'Ms','1957-09-08','2023-05-29 12:35:14','2023-05-29 13:23:32'),(561,'Frida','Stamm','Gordon_Romaguera@gmail.com',NULL,'Ms','1990-11-24','2023-05-28 21:42:46','2023-05-29 10:27:21'),(571,'Sofia','Johns','Jaydon_Lebsack54@yahoo.com',NULL,'Ms','1982-12-22','2023-05-28 15:10:17','2023-05-29 01:04:32'),(581,'Ila','Cartwright','Noble.Larkin16@yahoo.com',NULL,'M','1991-12-21','2023-05-29 00:14:50','2023-05-29 13:07:07'),(591,'Bennett','Ortiz','Bill_Bode6@gmail.com',NULL,'M','1947-06-08','2023-05-29 04:49:37','2023-05-28 20:38:56'),(601,'Savanah','Bashirian','Kennedy94@yahoo.com',NULL,'M','1951-08-24','2023-05-29 13:09:23','2023-05-29 02:24:22'),(611,'Maud','Robel','Bella.Batz53@yahoo.com',NULL,'M','2004-12-25','2023-05-28 20:49:12','2023-05-29 09:19:14'),(621,'Milan','Nader','Arno_OConnell15@hotmail.com',NULL,'Ms','1972-08-18','2023-05-29 02:40:33','2024-03-15 12:34:45'),(631,'Ned','Wolff','Annabel_Jast4@gmail.com',NULL,'Ms','1965-03-27','2023-05-28 20:11:30','2023-05-28 22:05:54'),(641,'Madelyn','Schaden','Noe.Lakin@hotmail.com',NULL,'Ms','1947-03-24','2023-05-29 02:57:58','2023-05-29 09:59:06'),(651,'Chaz','Zulauf','Donavon_Franecki@yahoo.com',NULL,'Ms','1951-10-19','2023-05-28 23:45:29','2023-05-29 10:12:37'),(661,'Delpha','Monahan','Tiara_Lindgren67@hotmail.com',NULL,'Ms','1972-10-10','2023-05-29 10:24:47','2023-05-29 13:58:07'),(671,'Alvis','Hegmann','German.Morissette@gmail.com',NULL,'M','2005-01-26','2023-05-29 10:07:21','2023-05-28 20:23:16'),(681,'Alvis','Hilpert','Loma_Kunde13@gmail.com',NULL,'Ms','1992-12-06','2023-05-29 09:08:04','2023-05-29 12:41:09'),(691,'Martine','Conn','Kieran17@hotmail.com',NULL,'Ms','1962-02-23','2023-05-28 17:16:02','2023-05-29 14:10:19'),(701,'Jon','Kertzmann','Graciela_Gutkowski@hotmail.com',NULL,'M','1983-07-17','2023-05-29 05:29:34','2023-05-29 13:32:10'),(711,'Assunta','Veum','Jean33@hotmail.com',NULL,'Ms','1978-02-26','2023-05-28 19:04:15','2023-05-29 10:44:14'),(721,'Al','Hagenes','Norma.Hackett44@yahoo.com',NULL,'M','1992-12-29','2023-05-29 04:30:10','2023-05-29 07:13:33'),(731,'Benjamin','Hauck','Kaylin_Bernier89@hotmail.com',NULL,'M','1996-08-15','2023-05-28 20:20:19','2023-05-28 19:22:25'),(741,'Ruth','Hessel','Buck.Rice@hotmail.com',NULL,'Ms','1984-06-03','2023-05-29 05:53:51','2023-05-28 16:27:02'),(751,'Valerie','Jerde','Briana69@yahoo.com',NULL,'Ms','1963-11-03','2023-05-28 21:51:57','2023-05-28 17:43:12'),(761,'Ardith','Braun','Vernie_Doyle@hotmail.com',NULL,'Ms','1986-10-15','2023-05-28 19:24:43','2023-05-29 09:34:09'),(771,'Jasmin','Sporer','Helmer_Christiansen@gmail.com',NULL,'M','1978-10-17','2023-05-29 09:45:22','2023-05-28 17:39:15'),(781,'Ladarius','Trantow','Rashawn.Wuckert16@gmail.com',NULL,'Ms','1982-12-24','2023-05-29 10:28:03','2023-05-29 07:47:58'),(791,'Isac','Hartmann','Veda.Grant23@yahoo.com',NULL,'Ms','1973-05-25','2023-05-29 14:24:15','2023-05-29 11:15:31'),(801,'Xzavier','Emmerich','Rosendo_Bechtelar51@gmail.com',NULL,'Ms','1960-07-24','2023-05-28 15:04:01','2023-05-28 20:25:49'),(811,'Emilio','Pagac','Jailyn.Hauck81@gmail.com',NULL,'M','1992-09-14','2023-05-28 22:06:52','2023-05-29 05:36:44'),(821,'Viola','Turner','Scot_Roberts44@hotmail.com',NULL,'M','1945-04-13','2023-05-29 05:58:26','2023-05-28 20:31:00'),(831,'Murray','Olson','Megane47@hotmail.com',NULL,'M','1943-10-06','2023-05-29 04:38:08','2023-05-29 11:51:56'),(841,'Syble','Gerhold','Brenna.Bruen@yahoo.com',NULL,'Ms','1979-10-23','2023-05-29 03:59:59','2023-05-29 08:49:13'),(851,'Marian','Lockman','Queenie7@hotmail.com',NULL,'M','1957-11-05','2023-05-28 18:29:50','2023-05-29 06:06:18'),(861,'Hyman','Von','Norbert_Schinner13@hotmail.com',NULL,'M','1995-07-15','2023-05-29 11:51:19','2023-05-29 14:16:26'),(871,'Sigrid','Johns','Damien98@gmail.com',NULL,'M','1962-03-25','2023-05-29 12:35:51','2023-05-28 18:56:16'),(881,'Hobart','Wisoky','Frances.Parisian@hotmail.com',NULL,'Ms','1951-03-16','2023-05-29 00:40:28','2023-05-29 14:31:55'),(891,'Maia','Medhurst','Madonna.Altenwerth19@hotmail.com',NULL,'M','2000-12-27','2023-05-29 12:37:49','2023-05-29 09:12:11'),(901,'Donnell','White','Haleigh_Champlin@yahoo.com',NULL,'Ms','1945-11-14','2023-05-29 14:21:29','2023-05-29 12:11:05'),(911,'Tyson','Raynor','Kianna52@gmail.com',NULL,'M','1969-02-26','2023-05-28 21:52:40','2023-05-29 07:24:57'),(921,'Odessa','Hoeger','Silas_Abernathy16@gmail.com',NULL,'Ms','1994-08-04','2023-05-28 21:41:25','2023-05-29 05:27:53'),(931,'Myriam','Breitenberg','Maci_Beer52@hotmail.com',NULL,'M','1960-02-20','2023-05-29 02:50:51','2023-05-28 22:35:58'),(941,'Ruthie','Daugherty','Barney20@gmail.com',NULL,'M','1997-08-24','2023-05-29 07:31:29','2023-05-29 11:12:48'),(951,'Concepcion','Legros','Fred.Schuster@hotmail.com',NULL,'Ms','1947-07-02','2023-05-28 17:30:54','2023-05-29 13:25:38'),(961,'Don','Kunze','Vinnie_Moore81@gmail.com',NULL,'M','1959-03-25','2023-05-29 02:57:18','2023-05-28 17:15:28'),(971,'Krista','Roberts','Schuyler_Stroman43@yahoo.com',NULL,'Ms','1966-06-02','2023-05-29 08:39:30','2023-05-29 13:30:56'),(981,'Mario','O\'Conner','Ova89@hotmail.com',NULL,'M','1993-02-23','2023-05-29 08:58:14','2023-05-29 07:49:31'),(991,'Theo','Gutkowski','Ulises29@hotmail.com',NULL,'M','1945-05-30','2023-05-28 18:01:04','2023-05-28 17:59:24');
/*!40000 ALTER TABLE "sylius_customer" ENABLE KEYS */;
UNLOCK TABLES;

--
-- Table structure for table "sylius_order"
--

DROP TABLE IF EXISTS "sylius_order";
/*!40101 SET @saved_cs_client     = @@character_set_client */;
/*!50503 SET character_set_client = utf8mb4 */;
CREATE TABLE "sylius_order" (
  "id" int NOT NULL AUTO_INCREMENT,
  "number" varchar(255) NOT NULL,
  "total" decimal(10,2) NOT NULL,
  "state" enum('New','Fulfilled','Blocked') DEFAULT NULL,
  "owner" varchar(255) DEFAULT NULL,
  "customer_id" int NOT NULL,
  "created_at" datetime NOT NULL DEFAULT CURRENT_TIMESTAMP,
  "updated_at" datetime NOT NULL DEFAULT CURRENT_TIMESTAMP ON UPDATE CURRENT_TIMESTAMP,
  PRIMARY KEY ("id"),
  KEY "customer_id" ("customer_id"),
  CONSTRAINT "sylius_order_ibfk_1" FOREIGN KEY ("customer_id") REFERENCES "sylius_customer" ("id") ON DELETE CASCADE ON UPDATE CASCADE
);
/*!40101 SET character_set_client = @saved_cs_client */;

--
-- Dumping data for table "sylius_order"
--

LOCK TABLES "sylius_order" WRITE;
/*!40000 ALTER TABLE "sylius_order" DISABLE KEYS */;
INSERT INTO "sylius_order" VALUES (1,'3',595.00,'Fulfilled','steveb@forestadmin.com',661,'2023-05-21 18:39:59','2024-03-15 11:49:17'),(11,'3',826.00,'Fulfilled','steveb@forestadmin.com',201,'2023-04-03 05:16:45','2023-04-16 23:31:20'),(21,'3',954.00,'Fulfilled','lionel.bouzonville@forestadmin.com',651,'2023-04-09 12:20:32','2023-07-21 08:49:48'),(31,'3',412.00,'New',NULL,601,'2023-04-27 05:28:37','2023-05-31 14:49:12'),(41,'3',566.00,'Fulfilled','louis@forestadmin.com',731,'2023-05-18 11:58:23','2023-04-30 12:47:18'),(51,'3',172.00,'New','steveb@forestadmin.com',101,'2023-04-06 23:04:31','2023-05-06 08:09:18'),(61,'3',950.00,'New',NULL,21,'2023-04-20 19:37:54','2023-05-31 14:48:58'),(71,'3',217.00,'Fulfilled','lionel.bouzonville@forestadmin.com',811,'2023-04-14 09:18:43','2023-03-31 20:26:51'),(81,'3',387.00,'New','louis@forestadmin.com',261,'2023-04-17 11:48:29','2023-05-05 23:45:43'),(91,'3',635.00,'New','lionel.bouzonville@forestadmin.com',771,'2023-05-23 13:07:38','2023-05-08 14:46:19'),(101,'3',854.00,'Fulfilled','lionel.bouzonville@forestadmin.com',101,'2023-04-10 09:18:17','2023-04-06 15:50:21'),(111,'3',237.00,'New','louis@forestadmin.com',651,'2023-04-23 11:39:38','2023-05-25 02:01:40'),(121,'3',269.00,'Fulfilled','louis@forestadmin.com',561,'2023-04-13 09:06:39','2023-05-04 14:11:08'),(131,'3',225.00,'Fulfilled','lionel.bouzonville@forestadmin.com',341,'2023-04-02 09:23:30','2023-05-02 18:00:57'),(141,'3',407.00,'New',NULL,31,'2023-05-07 17:36:32','2023-05-31 14:49:31'),(151,'3',832.00,'Fulfilled','louis@forestadmin.com',291,'2023-05-13 07:42:07','2023-04-30 19:44:17'),(161,'3',553.00,'Fulfilled','louis@forestadmin.com',921,'2023-05-26 19:20:38','2024-02-17 14:16:27'),(171,'3',655.00,'Fulfilled','louis@forestadmin.com',761,'2023-05-21 11:42:48','2023-04-23 22:01:34'),(181,'3',755.00,'Fulfilled','louis@forestadmin.com',901,'2023-04-19 11:59:29','2023-04-03 04:10:09'),(191,'3',643.00,'New','louis@forestadmin.com',71,'2023-04-20 09:20:13','2023-05-24 12:53:01'),(201,'3',737.00,'New','lionel.bouzonville@forestadmin.com',531,'2023-04-13 18:27:40','2023-04-16 23:21:15'),(211,'3',598.00,'New',NULL,921,'2023-05-07 03:33:24','2023-05-31 14:49:28'),(221,'3',253.00,'Fulfilled','steveb@forestadmin.com',401,'2023-05-27 00:24:04','2023-06-07 12:24:56'),(231,'3',778.00,'New','louis@forestadmin.com',571,'2023-05-10 23:06:36','2023-04-02 08:58:16'),(241,'3',771.00,'Fulfilled','lionel.bouzonville@forestadmin.com',161,'2023-05-07 10:58:14','2023-04-15 07:50:37'),(251,'3',935.00,'New','lionel.bouzonville@forestadmin.com',601,'2023-04-02 21:33:32','2023-04-08 04:53:34'),(261,'3',701.00,'New','lionel.bouzonville@forestadmin.com',671,'2023-04-24 13:16:54','2023-05-26 01:08:15'),(271,'3',756.00,'Fulfilled','louis@forestadmin.com',271,'2023-04-20 15:25:40','2023-04-17 04:27:56'),(281,'3',307.00,'Fulfilled','steveb@forestadmin.com',661,'2023-05-14 13:12:04','2023-04-03 19:06:01'),(291,'3',728.00,'Fulfilled','lionel.bouzonville@forestadmin.com',701,'2023-04-03 04:39:15','2023-05-23 23:19:52'),(301,'3',184.00,'New',NULL,831,'2023-04-28 00:45:43','2023-05-31 14:49:14'),(311,'3',800.00,'New','lionel.bouzonville@forestadmin.com',451,'2023-05-25 22:45:28','2023-04-22 17:24:21'),(321,'3',181.00,'New',NULL,371,'2023-04-25 18:14:54','2023-05-31 14:49:08'),(331,'3',343.00,'New',NULL,971,'2023-04-03 15:28:07','2023-05-30 13:28:51'),(341,'3',540.00,'New','louis@forestadmin.com',411,'2023-05-03 14:00:17','2023-05-07 12:03:07'),(351,'3',713.00,'Fulfilled','louis@forestadmin.com',851,'2023-05-19 09:08:32','2023-05-15 02:45:18'),(361,'3',229.00,'Fulfilled','louis@forestadmin.com',461,'2023-05-15 10:48:49','2023-05-09 11:46:00'),(371,'3',140.00,'Fulfilled','louis@forestadmin.com',141,'2023-05-27 01:30:48','2023-07-10 12:19:25'),(381,'3',216.00,'New','louis@forestadmin.com',291,'2023-05-08 22:42:47','2023-04-18 11:23:37'),(391,'3',531.00,'Fulfilled','steveb@forestadmin.com',881,'2023-04-09 15:21:50','2023-04-11 04:36:19'),(401,'3',459.00,'New',NULL,21,'2023-04-17 23:00:05','2023-05-31 14:48:31'),(411,'3',158.00,'New','louis@forestadmin.com',551,'2023-04-22 16:08:03','2023-05-26 22:01:52'),(421,'3',462.00,'New','louis@forestadmin.com',941,'2023-05-17 10:13:21','2023-05-12 19:57:37'),(431,'3',918.00,'Fulfilled','louis@forestadmin.com',471,'2023-05-02 07:54:26','2023-05-14 00:15:31'),(441,'3',605.00,'New','steveb@forestadmin.com',421,'2023-04-02 21:07:13','2023-04-10 09:27:31'),(451,'3',732.00,'New',NULL,551,'2023-04-09 01:18:28','2023-05-31 14:48:22'),(461,'3',120.00,'New','steveb@forestadmin.com',151,'2023-04-27 15:32:09','2023-05-22 03:18:12'),(471,'3',162.00,'New',NULL,851,'2023-05-07 02:13:34','2023-05-31 14:49:25'),(481,'3',855.00,'Fulfilled','louis@forestadmin.com',561,'2023-05-16 21:28:49','2023-05-20 17:13:20'),(491,'3',745.00,'New',NULL,361,'2023-05-09 16:56:42','2023-05-31 14:49:34'),(501,'3',657.00,'Fulfilled','steveb@forestadmin.com',551,'2023-04-18 19:38:10','2023-04-01 21:30:50'),(511,'3',848.00,'New','steveb@forestadmin.com',821,'2023-04-05 17:23:55','2023-04-10 09:15:14'),(521,'3',282.00,'New','louis@forestadmin.com',901,'2023-04-25 01:55:04','2023-05-13 12:16:58'),(531,'3',590.00,'New','steveb@forestadmin.com',831,'2023-04-17 20:28:08','2023-05-22 01:36:33'),(541,'3',191.00,'Fulfilled','steveb@forestadmin.com',801,'2023-05-22 00:20:13','2023-04-12 16:24:01'),(551,'3',836.00,'New','steveb@forestadmin.com',691,'2023-05-01 08:10:15','2023-04-01 06:06:34'),(561,'3',631.00,'Fulfilled','steveb@forestadmin.com',71,'2023-04-10 22:45:13','2023-05-12 07:12:58'),(571,'3',452.00,'New','steveb@forestadmin.com',91,'2023-04-04 09:04:28','2023-05-16 09:48:02'),(581,'3',841.00,'New','marcp@forestadmin.com',821,'2023-03-31 05:49:19','2023-06-01 13:15:57'),(591,'3',586.00,'New',NULL,241,'2023-05-25 14:18:56','2023-05-30 13:26:38'),(601,'3',931.00,'Fulfilled','lionel.bouzonville@forestadmin.com',331,'2023-04-20 10:48:54','2023-05-06 19:56:28'),(611,'3',629.00,'Fulfilled','steveb@forestadmin.com',301,'2023-05-06 05:01:13','2023-05-15 12:34:35'),(621,'3',721.00,'Fulfilled','lionel.bouzonville@forestadmin.com',671,'2023-05-23 19:45:42','2023-04-11 16:48:30'),(631,'3',521.00,'Fulfilled','steveb@forestadmin.com',911,'2023-04-14 20:38:08','2023-04-21 13:57:57'),(641,'3',339.00,'Fulfilled','steveb@forestadmin.com',211,'2023-04-11 13:53:56','2023-04-25 04:45:47'),(651,'3',514.00,'Fulfilled','louis@forestadmin.com',511,'2023-04-07 11:05:58','2023-05-18 12:50:17'),(661,'3',387.00,'Blocked','lionel.bouzonville@forestadmin.com',141,'2023-05-03 15:57:05','2023-06-01 08:58:11'),(671,'3',860.00,'Fulfilled','lionel.bouzonville@forestadmin.com',331,'2023-05-03 20:41:33','2023-05-07 07:58:54'),(681,'3',623.00,'New',NULL,981,'2023-04-09 06:22:53','2023-05-31 14:48:25'),(691,'3',944.00,'New','steveb@forestadmin.com',231,'2023-04-28 12:18:21','2023-05-08 02:12:57'),(701,'3',277.00,'New','steveb@forestadmin.com',861,'2023-05-25 11:47:38','2023-05-27 04:47:15'),(711,'3',54.00,'New','steveb@forestadmin.com',661,'2023-05-18 10:23:43','2023-04-20 14:54:32'),(721,'3',447.00,'Fulfilled','steveb@forestadmin.com',531,'2023-04-22 05:06:28','2023-05-20 19:49:57'),(731,'3',281.00,'New',NULL,371,'2023-05-04 02:50:36','2023-05-31 14:49:20'),(741,'3',13.00,'New','louis@forestadmin.com',601,'2023-03-31 00:45:29','2023-05-25 15:02:27'),(751,'3',720.00,'Blocked','lionel.bouzonville@forestadmin.com',371,'2023-05-20 00:27:30','2023-06-01 08:57:26'),(761,'3',200.00,'New',NULL,861,'2023-05-03 13:43:04','2023-05-31 14:49:17'),(771,'3',944.00,'New',NULL,561,'2023-05-13 01:48:33','2023-05-30 13:26:51'),(781,'3',830.00,'Fulfilled','lionel.bouzonville@forestadmin.com',501,'2023-05-15 09:01:08','2023-04-22 02:24:08'),(791,'3',664.00,'Fulfilled','steveb@forestadmin.com',551,'2023-04-02 19:31:19','2023-04-05 22:35:49'),(801,'3',755.00,'New',NULL,421,'2023-04-22 21:26:15','2023-05-31 14:49:05'),(811,'3',577.00,'New','steveb@forestadmin.com',81,'2023-04-05 15:27:56','2023-04-28 15:46:01'),(821,'3',859.00,'New',NULL,681,'2023-05-17 20:22:52','2023-05-30 13:26:47'),(831,'3',36.00,'Fulfilled','lionel.bouzonville@forestadmin.com',41,'2023-05-15 07:13:13','2023-04-16 17:01:08'),(841,'3',974.00,'New',NULL,801,'2023-04-03 05:41:46','2023-05-30 13:28:48'),(851,'3',778.00,'Fulfilled','louis@forestadmin.com',321,'2023-03-31 10:10:32','2023-04-20 16:35:40'),(861,'3',465.00,'Fulfilled','steveb@forestadmin.com',221,'2023-04-01 03:00:39','2023-04-23 06:51:57'),(871,'3',444.00,'New','steveb@forestadmin.com',451,'2023-04-03 16:53:42','2023-04-23 17:20:51'),(881,'3',808.00,'New',NULL,301,'2023-04-21 10:49:33','2023-05-31 14:49:02'),(891,'3',806.00,'Fulfilled','louis@forestadmin.com',901,'2023-05-27 06:14:17','2023-04-27 06:19:07'),(901,'3',835.00,'New',NULL,951,'2023-04-04 16:33:14','2023-05-31 14:48:17'),(911,'3',740.00,'Fulfilled','steveb@forestadmin.com',341,'2023-03-30 18:13:24','2023-04-08 14:38:55'),(921,'3',156.00,'Fulfilled','louis@forestadmin.com',291,'2023-04-06 06:28:32','2023-05-26 18:50:15'),(931,'3',516.00,'New','steveb@forestadmin.com',451,'2023-05-06 17:38:05','2023-05-05 20:44:15'),(941,'3',697.00,'Fulfilled','louis@forestadmin.com',631,'2023-05-27 23:52:56','2024-02-17 14:15:52'),(951,'3',288.00,'Fulfilled','steveb@forestadmin.com',541,'2023-05-13 13:01:04','2023-04-29 20:03:43'),(961,'3',42.00,'New','louis@forestadmin.com',871,'2023-04-24 11:53:44','2023-05-21 02:02:54'),(971,'3',749.00,'Fulfilled','louis@forestadmin.com',511,'2023-04-19 18:12:30','2023-04-08 00:46:42'),(981,'3',788.00,'Fulfilled','lionel.bouzonville@forestadmin.com',931,'2023-04-07 00:25:50','2023-04-04 05:32:50'),(991,'3',289.00,'New','steveb@forestadmin.com',701,'2023-05-17 07:34:53','2023-04-16 06:08:03');
/*!40000 ALTER TABLE "sylius_order" ENABLE KEYS */;
UNLOCK TABLES;

--
-- Table structure for table "sylius_order_item"
--

DROP TABLE IF EXISTS "sylius_order_item";
/*!40101 SET @saved_cs_client     = @@character_set_client */;
/*!50503 SET character_set_client = utf8mb4 */;
CREATE TABLE "sylius_order_item" (
  "id" int NOT NULL AUTO_INCREMENT,
  "quantity" int NOT NULL,
  "unit_price" decimal(15,2) NOT NULL,
  "total" decimal(15,2) NOT NULL,
  "product_id" int NOT NULL,
  "order_id" int NOT NULL,
  PRIMARY KEY ("id"),
  KEY "IDX_7194F6234584665A" ("product_id"),
  KEY "IDX_7194F6237D3656A4" ("order_id"),
  CONSTRAINT "FK_7194F6234584665A" FOREIGN KEY ("product_id") REFERENCES "sylius_product" ("id") ON DELETE CASCADE ON UPDATE CASCADE,
  CONSTRAINT "FK_7194F6237D3656A4" FOREIGN KEY ("order_id") REFERENCES "sylius_order" ("id") ON DELETE CASCADE ON UPDATE CASCADE
);
/*!40101 SET character_set_client = @saved_cs_client */;

--
-- Dumping data for table "sylius_order_item"
--

LOCK TABLES "sylius_order_item" WRITE;
/*!40000 ALTER TABLE "sylius_order_item" DISABLE KEYS */;
INSERT INTO "sylius_order_item" VALUES (1,1,80.00,80.00,701,221),(11,1,12.00,12.00,251,771),(21,1,798.00,798.00,641,861),(31,1,668.00,668.00,191,851),(41,1,882.00,882.00,231,711),(51,1,342.00,342.00,851,651),(61,1,577.00,577.00,961,591),(71,1,274.00,274.00,761,141),(81,1,154.00,154.00,581,71),(91,1,266.00,266.00,531,411),(101,1,681.00,681.00,161,991),(111,1,825.00,825.00,751,151),(121,1,735.00,735.00,811,631),(131,1,436.00,436.00,321,21),(141,1,131.00,131.00,331,121),(151,1,719.00,719.00,81,181),(161,1,48.00,48.00,181,841),(171,1,927.00,927.00,311,651),(181,1,262.00,262.00,371,241),(191,1,212.00,212.00,791,671),(201,1,614.00,614.00,491,981),(211,1,545.00,545.00,731,861),(221,1,93.00,93.00,801,431),(231,1,622.00,622.00,551,661),(241,1,59.00,59.00,841,301),(251,1,396.00,396.00,921,971),(261,1,844.00,844.00,741,351),(271,1,220.00,220.00,601,651),(281,1,713.00,713.00,271,711),(291,1,417.00,417.00,371,271),(301,1,383.00,383.00,81,341),(311,1,415.00,415.00,61,501),(321,1,378.00,378.00,771,111),(331,1,651.00,651.00,131,391),(341,1,286.00,286.00,491,521),(351,1,262.00,262.00,381,321),(361,1,55.00,55.00,901,341),(371,1,571.00,571.00,971,521),(381,1,471.00,471.00,281,311),(391,1,800.00,800.00,391,251),(401,1,152.00,152.00,81,741),(411,1,819.00,819.00,231,961),(421,1,330.00,330.00,861,441),(431,1,790.00,790.00,41,71),(441,1,368.00,368.00,761,1),(451,1,668.00,668.00,921,961),(461,1,50.00,50.00,251,461),(471,1,15.00,15.00,981,811),(481,1,113.00,113.00,611,191),(491,1,581.00,581.00,431,631),(501,1,460.00,460.00,191,151),(511,1,384.00,384.00,631,711),(521,1,733.00,733.00,501,961),(531,1,943.00,943.00,661,881),(541,1,621.00,621.00,361,31),(551,1,383.00,383.00,891,631),(561,1,50.00,50.00,1,671),(571,1,631.00,631.00,551,91),(581,1,324.00,324.00,731,471),(591,1,464.00,464.00,111,291),(601,1,494.00,494.00,601,861),(611,1,217.00,217.00,151,431),(621,1,591.00,591.00,391,951),(631,1,532.00,532.00,321,551),(641,1,601.00,601.00,541,371),(651,1,162.00,162.00,591,941),(661,1,875.00,875.00,231,491),(671,1,498.00,498.00,541,511),(681,1,902.00,902.00,981,241),(691,1,599.00,599.00,751,921),(701,1,416.00,416.00,691,181),(711,1,714.00,714.00,431,181),(721,1,656.00,656.00,171,441),(731,1,629.00,629.00,741,41),(741,1,526.00,526.00,521,281),(751,1,111.00,111.00,111,431),(761,1,37.00,37.00,21,941),(771,1,130.00,130.00,811,591),(781,1,806.00,806.00,361,491),(791,1,592.00,592.00,161,261),(801,1,725.00,725.00,501,411),(811,1,883.00,883.00,191,511),(821,1,574.00,574.00,61,711),(831,1,310.00,310.00,811,651),(841,1,735.00,735.00,971,441),(851,1,772.00,772.00,381,121),(861,1,378.00,378.00,381,481),(871,1,247.00,247.00,481,561),(881,1,433.00,433.00,801,201),(891,1,675.00,675.00,621,201),(901,1,576.00,576.00,311,191),(911,1,492.00,492.00,161,791),(921,1,919.00,919.00,871,761),(931,1,468.00,468.00,621,851),(941,1,839.00,839.00,341,1),(951,1,796.00,796.00,181,61),(961,1,350.00,350.00,361,461),(971,1,304.00,304.00,541,881),(981,1,454.00,454.00,141,511),(991,1,829.00,829.00,1,311),(1001,1,451.00,451.00,201,621),(1011,1,855.00,855.00,611,151),(1021,1,54.00,54.00,91,41),(1031,1,910.00,910.00,611,711),(1041,1,645.00,645.00,321,331),(1051,1,404.00,404.00,131,751),(1061,1,958.00,958.00,391,411),(1071,1,346.00,346.00,531,651),(1081,1,863.00,863.00,581,541),(1091,1,715.00,715.00,971,851),(1101,1,74.00,74.00,941,471),(1111,1,293.00,293.00,1,581),(1121,1,425.00,425.00,381,731),(1131,1,925.00,925.00,561,501),(1141,1,921.00,921.00,311,751),(1151,1,668.00,668.00,851,421),(1161,1,979.00,979.00,301,601),(1171,1,681.00,681.00,701,221),(1181,1,93.00,93.00,101,671),(1191,1,721.00,721.00,781,401),(1201,1,527.00,527.00,661,791),(1211,1,408.00,408.00,151,361),(1221,1,371.00,371.00,751,401),(1231,1,790.00,790.00,691,841),(1241,1,63.00,63.00,271,971),(1251,1,2.00,2.00,141,601),(1261,1,896.00,896.00,881,421),(1271,1,468.00,468.00,811,1),(1281,1,346.00,346.00,841,181),(1291,1,389.00,389.00,741,981),(1301,1,986.00,986.00,371,971),(1311,1,123.00,123.00,351,211),(1321,1,56.00,56.00,41,801),(1331,1,552.00,552.00,591,961),(1341,1,878.00,878.00,341,1),(1351,1,89.00,89.00,991,241),(1361,1,923.00,923.00,471,901),(1371,1,878.00,878.00,371,871),(1381,1,562.00,562.00,271,481),(1391,1,38.00,38.00,81,161),(1401,1,789.00,789.00,671,51),(1411,1,138.00,138.00,901,351),(1421,1,154.00,154.00,751,891),(1431,1,292.00,292.00,1,731),(1441,1,742.00,742.00,701,291),(1451,1,241.00,241.00,531,661),(1461,1,976.00,976.00,571,701),(1471,1,445.00,445.00,441,901),(1481,1,348.00,348.00,111,491),(1491,1,8.00,8.00,661,691),(1501,1,601.00,601.00,811,361),(1511,1,191.00,191.00,531,551),(1521,1,585.00,585.00,661,191),(1531,1,430.00,430.00,711,851),(1541,1,911.00,911.00,731,201),(1551,1,285.00,285.00,811,1),(1561,1,148.00,148.00,701,551),(1571,1,46.00,46.00,401,771),(1581,1,261.00,261.00,901,431),(1591,1,252.00,252.00,721,71),(1601,1,815.00,815.00,911,451),(1611,1,601.00,601.00,701,891),(1621,1,825.00,825.00,361,351),(1631,1,267.00,267.00,111,641),(1641,1,655.00,655.00,261,931),(1651,1,442.00,442.00,461,261),(1661,1,359.00,359.00,61,651),(1671,1,654.00,654.00,511,351),(1681,1,615.00,615.00,961,161),(1691,1,986.00,986.00,721,121),(1701,1,995.00,995.00,51,941),(1711,1,106.00,106.00,391,491),(1721,1,611.00,611.00,601,671),(1731,1,944.00,944.00,541,901),(1741,1,625.00,625.00,271,541),(1751,1,211.00,211.00,321,681),(1761,1,516.00,516.00,661,131),(1771,1,378.00,378.00,341,801),(1781,1,921.00,921.00,11,761),(1791,1,384.00,384.00,751,261),(1801,1,913.00,913.00,201,111),(1811,1,581.00,581.00,661,751),(1821,1,198.00,198.00,311,881),(1831,1,969.00,969.00,411,631),(1841,1,800.00,800.00,101,691),(1851,1,288.00,288.00,361,651),(1861,1,686.00,686.00,311,851),(1871,1,764.00,764.00,831,71),(1881,1,131.00,131.00,51,831),(1891,1,865.00,865.00,111,971),(1901,1,719.00,719.00,341,981),(1911,1,297.00,297.00,631,871),(1921,1,784.00,784.00,621,101),(1931,1,247.00,247.00,91,81),(1941,1,794.00,794.00,781,511),(1951,1,804.00,804.00,271,711),(1961,1,753.00,753.00,941,1),(1971,1,789.00,789.00,181,21),(1981,1,128.00,128.00,181,421),(1991,1,440.00,440.00,71,91),(2001,1,594.00,594.00,881,81),(2011,1,255.00,255.00,241,231),(2021,1,928.00,928.00,741,61),(2031,1,774.00,774.00,601,441),(2041,1,750.00,750.00,41,531),(2051,1,599.00,599.00,121,471),(2061,1,809.00,809.00,931,431),(2071,1,386.00,386.00,741,401),(2081,1,329.00,329.00,21,971),(2091,1,11.00,11.00,971,291),(2101,1,370.00,370.00,241,201),(2111,1,158.00,158.00,791,951),(2121,1,962.00,962.00,541,431),(2131,1,474.00,474.00,251,251),(2141,1,747.00,747.00,451,671),(2151,1,476.00,476.00,611,341),(2161,1,813.00,813.00,341,761),(2171,1,33.00,33.00,731,411),(2181,1,696.00,696.00,851,991),(2191,1,29.00,29.00,261,41),(2201,1,594.00,594.00,21,251),(2211,1,984.00,984.00,981,611),(2221,1,688.00,688.00,381,241),(2231,1,717.00,717.00,681,531),(2241,1,587.00,587.00,871,621),(2251,1,781.00,781.00,721,61),(2261,1,981.00,981.00,251,771),(2271,1,876.00,876.00,491,951),(2281,1,911.00,911.00,441,811),(2291,1,774.00,774.00,31,231),(2301,1,729.00,729.00,621,151),(2311,1,205.00,205.00,21,801),(2321,1,212.00,212.00,921,451),(2331,1,45.00,45.00,11,371),(2341,1,380.00,380.00,121,121),(2351,1,612.00,612.00,851,981),(2361,1,421.00,421.00,271,661),(2371,1,216.00,216.00,521,421),(2381,1,28.00,28.00,111,41),(2391,1,596.00,596.00,211,141),(2401,1,887.00,887.00,611,151),(2411,1,396.00,396.00,561,131),(2421,1,348.00,348.00,911,81),(2431,1,549.00,549.00,521,951),(2441,1,649.00,649.00,231,801),(2451,1,666.00,666.00,111,571),(2461,1,887.00,887.00,801,931),(2471,1,778.00,778.00,721,791),(2481,1,854.00,854.00,861,941),(2491,1,16.00,16.00,841,421),(2501,1,996.00,996.00,101,541),(2511,1,654.00,654.00,1,691),(2521,1,44.00,44.00,901,441),(2531,1,901.00,901.00,931,801),(2541,1,671.00,671.00,651,711),(2551,1,422.00,422.00,141,971),(2561,1,361.00,361.00,531,481),(2571,1,764.00,764.00,231,331),(2581,1,3.00,3.00,771,971),(2591,1,324.00,324.00,721,521),(2601,1,687.00,687.00,521,381),(2611,1,441.00,441.00,751,141),(2621,1,946.00,946.00,181,811),(2631,1,764.00,764.00,171,571),(2641,1,871.00,871.00,891,41),(2651,1,521.00,521.00,501,461),(2661,1,319.00,319.00,681,891),(2671,1,842.00,842.00,761,91),(2681,1,995.00,995.00,761,281),(2691,1,199.00,199.00,541,941),(2701,1,583.00,583.00,991,911),(2711,1,596.00,596.00,931,461),(2721,1,372.00,372.00,101,361),(2731,1,508.00,508.00,691,181),(2741,1,815.00,815.00,251,861),(2751,1,348.00,348.00,781,391),(2761,1,807.00,807.00,151,521),(2771,1,768.00,768.00,171,821),(2781,1,684.00,684.00,691,761),(2791,1,732.00,732.00,531,961),(2801,1,855.00,855.00,451,651),(2811,1,678.00,678.00,351,131),(2821,1,642.00,642.00,661,871),(2831,1,844.00,844.00,631,191),(2841,1,985.00,985.00,181,401),(2851,1,710.00,710.00,1,141),(2861,1,309.00,309.00,551,31),(2871,1,489.00,489.00,391,631),(2881,1,431.00,431.00,811,821),(2891,1,971.00,971.00,431,471),(2901,1,712.00,712.00,51,241),(2911,1,34.00,34.00,971,31),(2921,1,979.00,979.00,601,901),(2931,1,905.00,905.00,731,271),(2941,1,723.00,723.00,11,121),(2951,1,711.00,711.00,201,51),(2961,1,565.00,565.00,101,331),(2971,1,107.00,107.00,131,131),(2981,1,66.00,66.00,701,881),(2991,1,551.00,551.00,71,271);
/*!40000 ALTER TABLE "sylius_order_item" ENABLE KEYS */;
UNLOCK TABLES;

--
-- Table structure for table "sylius_payment"
--

DROP TABLE IF EXISTS "sylius_payment";
/*!40101 SET @saved_cs_client     = @@character_set_client */;
/*!50503 SET character_set_client = utf8mb4 */;
CREATE TABLE "sylius_payment" (
  "id" int NOT NULL AUTO_INCREMENT,
  "state" varchar(255) NOT NULL,
  "amount" decimal(15,2) NOT NULL,
  "currency_code" varchar(255) NOT NULL,
  "details" longtext,
  "method_id" int NOT NULL,
  "order_id" int NOT NULL,
  PRIMARY KEY ("id"),
  KEY "IDX_354A26C17D3656A4" ("method_id"),
  KEY "IDX_354A26C17D3656A4B" ("order_id"),
  CONSTRAINT "FK_354A26C17D3656A4" FOREIGN KEY ("method_id") REFERENCES "sylius_payment_method" ("id") ON DELETE CASCADE,
  CONSTRAINT "FK_354A26C17D3656A4B" FOREIGN KEY ("order_id") REFERENCES "sylius_order" ("id") ON DELETE CASCADE
);
/*!40101 SET character_set_client = @saved_cs_client */;

--
-- Dumping data for table "sylius_payment"
--

LOCK TABLES "sylius_payment" WRITE;
/*!40000 ALTER TABLE "sylius_payment" DISABLE KEYS */;
INSERT INTO "sylius_payment" VALUES (1,'Completed',950.00,'USD','Ratione enim quod repellendus odio dicta amet.\nQui neque perferendis vitae odit sed corrupti expedita.',1,1),(11,'Completed',59.00,'USD','Corrupti illo quod soluta provident possimus.',31,11),(21,'Completed',394.00,'USD','Excepturi voluptatem iste suscipit temporibus velit totam magnam. Voluptate commodi quisquam. Incidunt magnam iste est voluptates eaque id dolorem blanditiis itaque. Maxime sint incidunt iste nam. Suscipit perferendis quae cupiditate veniam.\nLaudantium enim dolore reprehenderit dolor magni. Voluptatibus expedita doloribus maiores. Quidem aliquid quod aut voluptas tenetur praesentium quo ducimus. Earum laudantium dolorem placeat quisquam ipsam velit enim quasi.\nDeleniti numquam esse explicabo eligendi nihil. Fuga natus amet eveniet beatae enim impedit. Incidunt esse molestias hic magnam. Quas quas occaecati corrupti voluptates hic nesciunt. A suscipit ad sit quo asperiores.',1,21),(31,'New',41.00,'USD','Minus laborum reprehenderit voluptate minus architecto autem nostrum iure voluptatum. Consequuntur ullam in sunt. Dolorum quis rerum culpa accusantium totam in. Deserunt sunt quasi dignissimos in excepturi quisquam.',31,31),(41,'New',873.00,'USD','deserunt officia tenetur',31,41),(51,'Completed',164.00,'USD','Rem cumque in.',31,51),(61,'New',47.00,'USD','Impedit alias animi animi saepe ad doloremque repudiandae. Tempore doloremque reiciendis. Pariatur amet ea eligendi voluptate itaque. Quasi inventore rem. Occaecati eum porro recusandae totam. Quasi ut libero fugit perferendis sunt corrupti provident vel nam.',31,61),(71,'Completed',488.00,'USD','Error natus placeat alias sunt omnis asperiores nesciunt quasi. Inventore et rem inventore. Veniam facere repudiandae illo. Nulla optio consequuntur ut tempora voluptatibus fugiat incidunt. Ducimus libero inventore cupiditate natus officiis est odit dolorum eos. Reiciendis odio alias veritatis dolorum.',11,71),(81,'Completed',813.00,'USD','Vel quibusdam facere vero laudantium recusandae ipsa deleniti. Autem officiis fuga ad ipsum labore at officiis. Neque iusto unde iure.\nNeque repellat a corporis. Omnis praesentium modi beatae. Nesciunt quibusdam neque facere a facilis dicta voluptatem. Libero illo necessitatibus earum voluptas ad.\nQuibusdam laudantium maxime modi incidunt. Consectetur impedit cumque cumque harum soluta non officiis asperiores aliquam. Laborum magnam dolore libero quaerat alias possimus eos consequatur alias. At nulla cum at earum architecto debitis maxime. Dolorum aliquid accusamus suscipit.',31,81),(91,'Completed',208.00,'USD','Voluptatum neque quo. Unde nulla earum necessitatibus optio commodi mollitia. Neque ab maxime eos itaque magnam. Pariatur itaque cupiditate dolore saepe.',1,91),(101,'Completed',599.00,'USD','Sit corporis atque ipsam praesentium.',21,101),(111,'Completed',83.00,'USD','Maxime officiis incidunt commodi laborum vero odit magni. Corrupti optio in assumenda. Sint tempore sed at amet nulla vitae dolorem alias quam.',31,111),(121,'Completed',360.00,'USD','Quas nisi dolorem magni itaque vitae cupiditate aut temporibus delectus.\nRerum itaque et cupiditate fuga.',41,121),(131,'New',268.00,'USD','ullam',1,131),(141,'New',932.00,'USD','Iste dicta molestias aperiam perspiciatis incidunt officiis saepe cupiditate perferendis. Facere delectus cum. Atque dolores assumenda modi.',1,141),(151,'Completed',141.00,'USD','Magni ea doloribus itaque doloremque quae laboriosam doloremque. Perferendis consequuntur nostrum at eum. Doloribus nesciunt ipsum tempore sed perspiciatis. Rerum asperiores nostrum blanditiis libero in officiis ex. Natus rem consequatur nobis maiores deleniti. Explicabo sit laboriosam.\nPraesentium dolorum repellendus cupiditate ab rerum. Expedita provident hic sit quia. Quisquam perferendis exercitationem. Sequi ex voluptatum fugiat eos veniam tempore molestiae libero vel.\nAdipisci reiciendis quidem itaque eius. Mollitia nisi libero sint ipsam odit numquam rerum architecto. Odit a illum. Eos rem beatae eaque a. Quis sequi officia. Inventore fugiat harum libero praesentium molestias autem est dolorem.',31,151),(161,'New',302.00,'USD','Ipsam unde quae sint sapiente similique omnis enim veritatis natus.\nNam impedit sit harum debitis voluptates iure magnam velit nemo.\nDelectus commodi magnam corrupti odio eum.\nConsectetur inventore consequatur incidunt minima reprehenderit corrupti accusamus iusto eaque.',31,161),(171,'New',896.00,'USD','Pariatur magnam labore iusto ipsam nihil veritatis maxime. Consectetur nisi corrupti optio minus repellat dolor iure voluptas. Atque aspernatur enim corrupti provident quisquam. Distinctio eius fuga atque quod cupiditate repellendus quod corrupti laborum. Nostrum delectus explicabo deserunt.',41,171),(181,'New',909.00,'USD','Ipsum qui voluptatum. Deleniti facilis recusandae nesciunt quasi. Tenetur maxime distinctio quaerat incidunt eaque doloribus molestiae. Velit temporibus soluta cum saepe architecto.',11,181),(191,'Completed',339.00,'USD','magnam magnam corporis',31,191),(201,'New',874.00,'USD','Nostrum adipisci alias. Voluptate dolores a maiores exercitationem culpa culpa. Quos reiciendis repudiandae.',1,201),(211,'Completed',872.00,'USD','Temporibus dolorem in iusto debitis repellendus aliquid. Magnam natus praesentium veniam qui cum mollitia. Labore iusto omnis totam perferendis eum facere rem quia. Pariatur eos voluptates. At voluptates est voluptates. Unde repudiandae aliquam est sunt dolorum debitis repellat.',31,211),(221,'Completed',383.00,'USD','Omnis rem consequuntur perspiciatis provident vitae impedit laborum illo. Dolores harum sed dolores. Exercitationem voluptatem iste consectetur beatae est dolorem vero culpa eaque.\nDeleniti facere hic veniam ab minima sed rerum. Est laborum dolor tenetur vel inventore delectus fugit quo. Ratione molestias maiores. Exercitationem accusamus dolore. Ex amet quod. Odio similique consequatur omnis.\nLaborum eligendi alias veritatis. Autem placeat tempora. Tempore veniam totam fugit ipsa corrupti ducimus quasi harum eum. Et repellat in veritatis voluptatum vitae.',1,221),(231,'New',563.00,'USD','Sit dolore dignissimos velit perferendis adipisci. Repellat voluptatum nemo. Voluptate ab odit vero vitae autem aperiam cumque dolores. Enim animi doloribus magnam facere at tempore vel architecto deserunt. Reiciendis a quia.',1,231),(241,'New',805.00,'USD','Nobis maxime dicta.\nAccusantium iusto beatae eius expedita omnis.\nEnim ipsam reprehenderit iure adipisci.\nMinus ipsa tempora voluptatem.\nFacere officiis architecto sint natus.',31,241),(251,'Completed',626.00,'USD','Tenetur deleniti ut accusamus magni architecto natus. Maxime placeat recusandae laborum voluptas pariatur a tempore explicabo accusantium. Hic vel alias ab. Adipisci voluptate totam quo porro consequatur cum totam.',1,251),(261,'Completed',264.00,'USD','Ut occaecati dolore vitae dolorem quos consequatur nisi magnam distinctio. Velit sequi mollitia sequi esse vero porro blanditiis iusto minima. Ipsum fugit iure earum tempora rem. Eius nobis ipsum fugiat quo ut non omnis voluptate.\nIncidunt nemo aliquid autem illum hic accusamus doloribus nobis minus. Veritatis saepe non voluptas excepturi unde eum reprehenderit. Asperiores rem placeat quasi accusamus illum nam sequi assumenda quaerat.\nAspernatur vitae nobis iusto alias alias nostrum iure architecto sunt. Quam quam quisquam quis eos est numquam similique. Repellat laboriosam maiores eligendi a ad.',11,261),(271,'New',817.00,'USD','Itaque possimus aliquam corrupti quaerat sunt.',11,271),(281,'Completed',489.00,'USD','Consectetur perspiciatis necessitatibus sed quod quam alias.',21,281),(291,'New',280.00,'USD','sequi',1,291),(301,'Completed',893.00,'USD','Numquam repudiandae aliquid illum sint.',21,301),(311,'Completed',206.00,'USD','Nulla consectetur dolores. Aspernatur itaque ullam. Quo odio quas quas. Quidem ipsum quia tempora facilis tempora doloribus.',1,311),(321,'Completed',889.00,'USD','Optio dignissimos aperiam ducimus alias ipsam.\nMagni modi ducimus rerum provident ipsa iste voluptatem.\nPlaceat laudantium voluptatem rerum mollitia quis dolorem.\nReprehenderit iusto quia autem optio cum similique pariatur rem.',31,321),(331,'Completed',705.00,'USD','laboriosam totam excepturi',11,331),(341,'New',573.00,'USD','Quos nesciunt autem eaque quod atque esse non. Sint voluptates quasi asperiores ipsam placeat mollitia. Nisi beatae corrupti facilis mollitia unde earum ad blanditiis odit. Magnam officia placeat. Voluptate officia ducimus rem officia dicta distinctio. Ea dolorem mollitia.',31,341),(351,'New',722.00,'USD','Ipsa ex natus dicta numquam molestias nostrum odit. Perspiciatis neque aut iusto. Molestiae odio cum sint. Fuga totam est molestiae quam temporibus quibusdam corrupti cumque. Architecto nisi voluptates veniam mollitia molestiae voluptates dolor officiis odit.',31,351),(361,'New',91.00,'USD','iusto itaque ullam',31,361),(371,'Completed',970.00,'USD','deleniti',41,371),(381,'Completed',35.00,'USD','Non esse inventore sapiente non earum laboriosam adipisci.',11,381),(391,'New',859.00,'USD','Ex nisi rem asperiores assumenda. Illo commodi ab. Ab maxime ea laboriosam earum excepturi est numquam. Ab recusandae voluptatum.',1,391),(401,'New',588.00,'USD','in',11,401),(411,'Completed',195.00,'USD','Et nulla tempora natus maiores ratione mollitia ea quisquam. Blanditiis ipsam soluta impedit alias alias iusto facere mollitia saepe.',31,411),(421,'New',792.00,'USD','numquam nisi consectetur',11,421),(431,'Completed',113.00,'USD','temporibus',31,431),(441,'New',165.00,'USD','Nesciunt repellat corrupti at culpa quae exercitationem. Cumque perferendis accusantium corrupti debitis nulla deleniti. Minima nulla amet. Nostrum modi id iusto.',21,441),(451,'New',129.00,'USD','Ab numquam optio voluptatem ut. Veritatis nobis id saepe vero. Temporibus omnis placeat dicta numquam laboriosam illum.',11,451),(461,'New',896.00,'USD','Reprehenderit voluptatem minus totam neque excepturi blanditiis iure.',31,461),(471,'Completed',435.00,'USD','ipsam',31,471),(481,'Completed',235.00,'USD','Quo saepe qui cumque. Ipsam libero cupiditate unde in reprehenderit. Aut ipsum numquam magnam quo nulla asperiores. Praesentium autem accusamus quae eum magnam consequuntur est.\nCumque dicta adipisci quas. Praesentium labore natus qui corporis ea totam debitis inventore. Placeat voluptatem similique.\nAut deserunt nostrum autem tempora delectus sed impedit alias facilis. Accusantium at consectetur officia. Mollitia eius tempore libero rerum voluptates ipsam. Saepe inventore magnam eos pariatur veritatis odio minus.',31,481),(491,'New',783.00,'USD','atque',31,491),(501,'Completed',369.00,'USD','Sapiente quis aliquid enim temporibus hic ad atque aliquam consequuntur.\nNihil optio quod assumenda cumque perferendis expedita suscipit.\nAspernatur sequi amet dolore beatae.\nSoluta impedit debitis quia.',1,501),(511,'Completed',638.00,'USD','Autem et consectetur molestias incidunt. Tempora laboriosam provident voluptates. Temporibus inventore adipisci cupiditate. Eum odit culpa ad id libero ab delectus.',31,511),(521,'New',456.00,'USD','laudantium nam officiis',11,521),(531,'New',366.00,'USD','est similique occaecati',21,531),(541,'Completed',576.00,'USD','Ea dolore molestias minus est expedita.',31,541),(551,'Completed',952.00,'USD','A veritatis repudiandae hic. Sit impedit sapiente. Alias magnam minima fuga quos fuga accusantium quaerat doloremque. Reprehenderit in harum molestiae aut. Ipsam necessitatibus eos laudantium. Voluptas aliquam velit consequuntur ipsum.',21,551),(561,'New',310.00,'USD','illo',21,561),(571,'Completed',136.00,'USD','Dignissimos dolore ducimus aliquam dolore officia. Incidunt quis exercitationem enim doloribus sint. Expedita consequatur minus debitis recusandae. Eveniet officiis cumque accusamus libero atque pariatur consequatur error. Magni nobis odit nesciunt beatae.',41,571),(581,'Completed',999.00,'USD','Sed nesciunt quas repellendus debitis quis explicabo dolores delectus aperiam.\nUnde nobis iusto.\nAmet accusantium animi libero.\nConsectetur consequuntur porro vel deleniti dignissimos veniam.',1,581),(591,'Completed',494.00,'USD','Dolorum veritatis asperiores. Veniam repellendus corrupti quibusdam nostrum totam veritatis. Ullam neque enim.',31,591),(601,'Completed',673.00,'USD','Odio laudantium consequuntur similique ducimus vero minima dignissimos accusantium.',21,601),(611,'New',923.00,'USD','unde minima dicta',1,611),(621,'New',507.00,'USD','Omnis saepe est ab eveniet aut.\nDeserunt velit eaque est pariatur consectetur iste excepturi tenetur.\nExercitationem amet quidem.\nDeleniti repellendus saepe pariatur itaque modi.',21,621),(631,'New',940.00,'USD','Dolore impedit in.',41,631),(641,'Completed',498.00,'USD','Facilis cumque dolores explicabo.',41,641),(651,'New',516.00,'USD','temporibus',31,651),(661,'New',202.00,'USD','Dolorem incidunt iure aspernatur.\nQuos recusandae voluptatibus deleniti ratione provident debitis vel.\nDolore laborum ducimus nulla molestiae itaque.\nTemporibus corporis iure porro.\nExpedita sit nihil ea iusto harum vel amet tempore.',11,661),(671,'Completed',862.00,'USD','Dolor nobis vitae accusantium officia. Nobis aperiam voluptatum reiciendis aspernatur fugit soluta repellendus. Suscipit voluptate necessitatibus dolorem ex minima at. Aut tempore quod exercitationem pariatur eaque dolor sed provident et. Fugit possimus voluptas fuga eum natus et quo hic vel. Consequatur provident possimus incidunt nam.',31,671),(681,'New',34.00,'USD','accusamus',41,681),(691,'New',201.00,'USD','Dolor modi ipsum dolore soluta officia vero nulla repellendus. Eligendi officiis illum cupiditate eveniet delectus quo voluptate dicta et.',41,691),(701,'New',238.00,'USD','velit consequatur sint',21,701),(711,'Completed',427.00,'USD','Molestias doloremque incidunt quod itaque esse. Reprehenderit voluptate officiis esse vero alias molestias necessitatibus id. Excepturi nam recusandae occaecati fuga magni aliquid amet non.',1,711),(721,'Completed',945.00,'USD','praesentium libero magnam',11,721),(731,'Completed',892.00,'USD','Maiores inventore magni earum doloremque distinctio deleniti dolore.',21,731),(741,'Completed',184.00,'USD','Dolorum autem quis illum alias voluptatibus rem consectetur veniam.\nLaborum fugiat dolore recusandae nisi aliquam expedita.',11,741),(751,'New',563.00,'USD','veritatis',41,751),(761,'Completed',609.00,'USD','Facere rerum dolores minima. Eligendi nulla tempora placeat fugiat nulla laboriosam id. Ea reiciendis amet.',31,761),(771,'New',655.00,'USD','Vel rem accusantium excepturi maiores nihil necessitatibus optio dolorem esse. A quo recusandae porro numquam inventore voluptate dolorem dolorem. Natus quasi dolorum quo recusandae maxime ut modi temporibus.',11,771),(781,'New',163.00,'USD','At eum magni aut fuga veniam expedita corporis iusto. Quibusdam et sequi magnam doloribus impedit itaque doloremque. Temporibus at deserunt ducimus sed quas facere sunt alias saepe. Reprehenderit molestias ea commodi voluptatum. Error eveniet dignissimos repellendus inventore. Harum vitae facere debitis quidem.',1,781),(791,'Completed',767.00,'USD','totam harum voluptate',1,791),(801,'Completed',446.00,'USD','Error ad quo dolores nemo debitis non velit doloremque. Dolor aspernatur deserunt inventore dignissimos tempore id. Ab quaerat vitae inventore optio excepturi maxime similique placeat. Iusto consectetur quis a. Et quasi quaerat aut numquam explicabo.',1,801),(811,'New',704.00,'USD','enim voluptates delectus',21,811),(821,'New',828.00,'USD','explicabo',31,821),(831,'Completed',310.00,'USD','Cupiditate nobis animi voluptates. Labore repudiandae quis error facilis fugit nostrum occaecati. Recusandae quibusdam laudantium assumenda. Necessitatibus consequatur repellendus soluta aut impedit voluptatum harum id.',41,831),(841,'New',227.00,'USD','Eius magnam officiis. Magni vitae provident sapiente molestiae deleniti incidunt ad blanditiis. Odit libero rerum architecto.',21,841),(851,'Completed',673.00,'USD','Pariatur fugiat voluptatibus quibusdam dicta numquam quae nostrum animi perspiciatis. Sunt cum incidunt quaerat aliquid. Esse at deleniti consectetur.\nIncidunt perspiciatis eveniet natus ex necessitatibus sint dicta. Rerum ad dignissimos. Sapiente nisi excepturi doloribus perspiciatis sit error perferendis dolores a. Dolorum placeat praesentium repellat optio repellat.\nFuga magni a quaerat aspernatur. Corrupti ratione temporibus optio placeat fugiat magni totam laudantium. Odio est temporibus odit voluptatum quas nisi voluptate ipsum. Maiores voluptatum reiciendis qui earum odio voluptate aut.',11,851),(861,'New',463.00,'USD','Perferendis quaerat sint.',1,861),(871,'Completed',916.00,'USD','cumque',11,871),(881,'New',381.00,'USD','Voluptatem inventore commodi dignissimos inventore nostrum explicabo molestiae architecto.',41,881),(891,'Completed',121.00,'USD','Veniam aperiam eveniet necessitatibus dolorem eius atque voluptate. Molestiae numquam eveniet asperiores doloribus nisi praesentium eligendi ducimus. Quo fugit saepe nisi nesciunt dicta accusamus consectetur ipsa. Nulla amet incidunt molestiae soluta maiores tempore assumenda doloremque voluptatem.\nArchitecto ad excepturi magnam voluptatem ab possimus commodi accusantium eum. Quae similique perspiciatis facilis amet voluptates iusto quae reiciendis. Deleniti dolor qui voluptatibus doloremque dolorum temporibus vitae.\nEaque cum eum earum id velit. Quam animi commodi illo. Accusantium enim saepe laudantium praesentium saepe culpa earum. Ullam ab esse deleniti laborum eligendi.',11,891),(901,'Completed',476.00,'USD','cupiditate est fuga',11,901),(911,'New',655.00,'USD','Blanditiis numquam recusandae reprehenderit dicta. Modi iste nostrum nostrum voluptate mollitia aliquam quaerat laudantium. Veritatis incidunt veritatis. Architecto consequatur dicta vel esse eveniet praesentium enim distinctio rem.\nVoluptatibus ducimus neque ab repudiandae ipsa expedita aliquid consequatur. Nemo placeat labore iste quia at. Quibusdam accusamus qui nam dolore repellat aperiam. Tempora nulla fugit ipsa ipsam vero cumque in.\nCommodi sapiente quas vel reprehenderit ipsa ex. Fugiat delectus corrupti occaecati. Fugit similique tempora nam eius possimus saepe. Commodi omnis dolor doloribus minus. Ducimus sapiente beatae hic deserunt est quod quam.',41,911),(921,'Completed',749.00,'USD','Qui eos nobis doloremque dolore voluptate non reprehenderit repellendus. Doloremque quo eos sint aperiam libero in voluptate repudiandae.',41,921),(931,'New',509.00,'USD','Veritatis odit aliquid. Reprehenderit officia hic. Error dolorum perferendis.\nDelectus quidem facere voluptatibus placeat facere accusamus veniam. Veritatis quos magni hic magnam illo officiis repudiandae. Saepe ipsam similique. Nostrum eligendi laudantium. Eaque deleniti voluptas omnis explicabo rem.\nQuisquam alias suscipit corrupti magni. Repudiandae dicta eius occaecati rerum reiciendis. Facilis error doloremque. Voluptatem maxime sequi possimus velit possimus nostrum dolorem.',21,931),(941,'New',581.00,'USD','Ex consequuntur aspernatur tenetur eaque ad vitae quisquam provident a. Molestias incidunt illo voluptatem deserunt rerum cupiditate totam nulla fugit. Dolorum ipsam magnam fuga nesciunt ex.',21,941),(951,'Completed',96.00,'USD','Delectus qui tempore beatae totam inventore quis. Ipsa dolore repellendus magni sint. Dignissimos dignissimos ea ut ipsum.\nDeleniti molestiae natus labore illo sequi dignissimos aliquid mollitia. Molestiae nemo commodi voluptatem deleniti sed dignissimos in. Sed similique vero optio. Sunt ipsum voluptas recusandae similique. Quisquam accusamus est accusamus. Cum ipsam nemo eaque.\nPossimus beatae porro quas veritatis ad perspiciatis labore odio. Cumque tempora architecto iure dolorem iure consequuntur corporis provident. Aperiam modi ducimus odio atque voluptatibus recusandae. Dolores omnis dicta incidunt cumque laboriosam ab temporibus.',1,951),(961,'New',200.00,'USD','rerum',21,961),(971,'Completed',4.00,'USD','Iusto corrupti provident consequuntur recusandae tenetur. Sequi iste dolorem dolor sequi vel tempora sed quas. Corporis iure fugiat amet totam inventore temporibus blanditiis minus. Laudantium numquam illum culpa laudantium eaque.\nNesciunt assumenda enim eaque minima molestiae dolor necessitatibus deserunt dolorem. Fugiat minima nostrum ea architecto fuga tenetur nobis quo. Rerum doloribus corporis totam.\nConsequuntur maiores aspernatur quasi iste vel cupiditate. Quaerat voluptatum fugiat corporis occaecati eveniet. Molestiae eum voluptatem modi. Eligendi dignissimos sint impedit tempora enim minus cumque. Distinctio corrupti eos eius architecto quos.',21,971),(981,'Completed',362.00,'USD','Molestias saepe voluptatum doloremque beatae ullam rerum.\nDolore quo porro aperiam culpa iure laboriosam maiores quasi harum.\nAutem quas sed ea.\nVero ipsam distinctio quas sed rerum eaque dolor soluta.\nQuas placeat maiores expedita quia est cupiditate perferendis dolore.',41,981),(991,'Completed',441.00,'USD','necessitatibus',31,991);
/*!40000 ALTER TABLE "sylius_payment" ENABLE KEYS */;
UNLOCK TABLES;

--
-- Table structure for table "sylius_payment_method"
--

DROP TABLE IF EXISTS "sylius_payment_method";
/*!40101 SET @saved_cs_client     = @@character_set_client */;
/*!50503 SET character_set_client = utf8mb4 */;
CREATE TABLE "sylius_payment_method" (
  "id" int NOT NULL AUTO_INCREMENT,
  "code" varchar(255) NOT NULL,
  "name" varchar(255) NOT NULL,
  "description" longtext,
  "enabled" tinyint(1) NOT NULL,
  "created_at" datetime NOT NULL,
  "updated_at" datetime NOT NULL,
  PRIMARY KEY ("id")
);
/*!40101 SET character_set_client = @saved_cs_client */;

--
-- Dumping data for table "sylius_payment_method"
--

LOCK TABLES "sylius_payment_method" WRITE;
/*!40000 ALTER TABLE "sylius_payment_method" DISABLE KEYS */;
INSERT INTO "sylius_payment_method" VALUES (1,'credit-card','Credit Card','expedita numquam nemo',1,'2023-05-29 09:57:34','2023-05-29 07:19:24'),(11,'stripe','Stripe','magni eius facilis',1,'2023-05-29 10:47:36','2023-05-29 14:39:28'),(21,'paypal','Paypal','nulla deserunt ab',1,'2023-05-29 12:54:57','2023-05-29 00:38:21'),(31,'apple','Apple Pay','occaecati officiis dolor',1,'2023-05-29 11:30:30','2023-05-29 12:54:37'),(41,'bank-transfer','Brank Transfer','ut rem earum',1,'2023-05-29 02:18:54','2023-05-29 09:32:18');
/*!40000 ALTER TABLE "sylius_payment_method" ENABLE KEYS */;
UNLOCK TABLES;

--
-- Table structure for table "sylius_product"
--

DROP TABLE IF EXISTS "sylius_product";
/*!40101 SET @saved_cs_client     = @@character_set_client */;
/*!50503 SET character_set_client = utf8mb4 */;
CREATE TABLE "sylius_product" (
  "id" int NOT NULL AUTO_INCREMENT,
  "name" varchar(255) NOT NULL,
  "description" text,
  "price" decimal(10,2) NOT NULL,
  "image_path" varchar(255) CHARACTER SET utf8mb3 COLLATE utf8mb3_unicode_ci DEFAULT NULL,
  "status" enum('available','out-of-stock') NOT NULL,
  "brand" varchar(255) NOT NULL,
  PRIMARY KEY ("id")
);
/*!40101 SET character_set_client = @saved_cs_client */;

--
-- Dumping data for table "sylius_product"
--

LOCK TABLES "sylius_product" WRITE;
/*!40000 ALTER TABLE "sylius_product" DISABLE KEYS */;
INSERT INTO "sylius_product" VALUES (1,'Refined Granite Computer','The beautiful range of Apple Natural that has an exciting mix of natural ingredients. With the Goodness of 100% Natural Ingredients',577.00,'https://loremflickr.com/640/480/technics?lock=74822','out-of-stock','Kunde Inc'),(11,'Handmade Plastic Chips','New range of formal shirts are designed keeping you in mind. With fits and styling that will make you stand apart',484.00,'https://loremflickr.com/640/480/technics?lock=64483','available','Schoen - Bruen'),(21,'Electronic Steel Pizza','The beautiful range of Apple Natural that has an exciting mix of natural ingredients. With the Goodness of 100% Natural Ingredients',895.00,'https://loremflickr.com/640/480/technics?lock=20243','available','Haag - O\'Keefe'),(31,'Generic Concrete Cheese','Carbonite web goalkeeper gloves are ergonomically designed to give easy fit',773.00,'https://loremflickr.com/640/480/technics?lock=5336','out-of-stock','Morissette - Roberts'),(41,'Luxurious Fresh Mouse','The Apollotech B340 is an affordable wireless mouse with reliable connectivity, 12 months battery life and modern design',128.00,'https://loremflickr.com/640/480/technics?lock=53198','available','Parker - Stroman'),(51,'Incredible Granite Car','The slim & simple Maple Gaming Keyboard from Dev Byte comes with a sleek body and 7- Color RGB LED Back-lighting for smart functionality',93.00,'https://loremflickr.com/640/480/technics?lock=35775','out-of-stock','Wunsch Inc'),(61,'Elegant Frozen Bacon','Carbonite web goalkeeper gloves are ergonomically designed to give easy fit',878.00,'https://loremflickr.com/640/480/technics?lock=95473','available','Funk Inc'),(71,'Ergonomic Frozen Shirt','New ABC 13 9370, 13.3, 5th Gen CoreA5-8250U, 8GB RAM, 256GB SSD, power UHD Graphics, OS 10 Home, OS Office A & J 2016',779.00,'https://loremflickr.com/640/480/technics?lock=45831','available','Heaney - Jaskolski'),(81,'Handmade Frozen Sausages','The slim & simple Maple Gaming Keyboard from Dev Byte comes with a sleek body and 7- Color RGB LED Back-lighting for smart functionality',437.00,'https://loremflickr.com/640/480/technics?lock=61307','available','Strosin - Skiles'),(91,'Handcrafted Cotton Pizza','Carbonite web goalkeeper gloves are ergonomically designed to give easy fit',21.00,'https://loremflickr.com/640/480/technics?lock=57330','available','Bartoletti - Hudson'),(101,'Bespoke Cotton Chips','The automobile layout consists of a front-engine design, with transaxle-type transmissions mounted at the rear of the engine and four wheel drive',569.00,'https://loremflickr.com/640/480/technics?lock=90582','available','Parker LLC'),(111,'Practical Cotton Pizza','Carbonite web goalkeeper gloves are ergonomically designed to give easy fit',338.00,'https://loremflickr.com/640/480/technics?lock=93937','available','Mertz - Toy'),(121,'Sleek Bronze Cheese','New ABC 13 9370, 13.3, 5th Gen CoreA5-8250U, 8GB RAM, 256GB SSD, power UHD Graphics, OS 10 Home, OS Office A & J 2016',187.00,'https://loremflickr.com/640/480/technics?lock=34451','available','Homenick, Osinski and Will'),(131,'Ergonomic Plastic Keyboard','Carbonite web goalkeeper gloves are ergonomically designed to give easy fit',452.00,'https://loremflickr.com/640/480/technics?lock=2232','available','King, Herman and Jacobson'),(141,'Incredible Metal Bike','The Nagasaki Lander is the trademarked name of several series of Nagasaki sport bikes, that started with the 1984 ABC800J',853.00,'https://loremflickr.com/640/480/technics?lock=11621','available','Kovacek, Terry and Bahringer'),(151,'Oriental Steel Ball','The slim & simple Maple Gaming Keyboard from Dev Byte comes with a sleek body and 7- Color RGB LED Back-lighting for smart functionality',458.00,'https://loremflickr.com/640/480/technics?lock=33738','available','Flatley - Howe'),(161,'Tasty Wooden Bike','Boston\'s most advanced compression wear technology increases muscle oxygenation, stabilizes active muscles',551.00,'https://loremflickr.com/640/480/technics?lock=45703','out-of-stock','Dibbert - Daniel'),(171,'Recycled Soft Bacon','Andy shoes are designed to keeping in mind durability as well as trends, the most stylish range of shoes & sandals',767.00,'https://loremflickr.com/640/480/technics?lock=62778','out-of-stock','Heaney, Okuneva and Dibbert'),(181,'Modern Plastic Cheese','The Football Is Good For Training And Recreational Purposes',528.00,'https://loremflickr.com/640/480/technics?lock=66977','out-of-stock','Schmitt, Shields and Considine'),(191,'Ergonomic Metal Bike','Carbonite web goalkeeper gloves are ergonomically designed to give easy fit',566.00,'https://loremflickr.com/640/480/technics?lock=29429','available','Beier, Herman and Bosco'),(201,'Bespoke Metal Table','The slim & simple Maple Gaming Keyboard from Dev Byte comes with a sleek body and 7- Color RGB LED Back-lighting for smart functionality',158.00,'https://loremflickr.com/640/480/technics?lock=15146','available','Price, Boyle and Bruen'),(211,'Handcrafted Soft Computer','The Football Is Good For Training And Recreational Purposes',734.00,'https://loremflickr.com/640/480/technics?lock=26479','available','Denesik - Brown'),(221,'Refined Concrete Shoes','The automobile layout consists of a front-engine design, with transaxle-type transmissions mounted at the rear of the engine and four wheel drive',972.00,'https://loremflickr.com/640/480/technics?lock=70551','available','Armstrong Inc'),(231,'Handcrafted Soft Soap','The Nagasaki Lander is the trademarked name of several series of Nagasaki sport bikes, that started with the 1984 ABC800J',436.00,'https://loremflickr.com/640/480/technics?lock=30885','available','Brakus and Sons'),(241,'Practical Frozen Pants','The beautiful range of Apple Natural that has an exciting mix of natural ingredients. With the Goodness of 100% Natural Ingredients',672.00,'https://loremflickr.com/640/480/technics?lock=57866','out-of-stock','Schroeder, Kessler and Willms'),(251,'Bespoke Wooden Soap','Andy shoes are designed to keeping in mind durability as well as trends, the most stylish range of shoes & sandals',686.00,'https://loremflickr.com/640/480/technics?lock=69925','available','Ziemann - Volkman'),(261,'Incredible Frozen Gloves','Ergonomic executive chair upholstered in bonded black leather and PVC padded seat and back for all-day comfort and support',874.00,'https://loremflickr.com/640/480/technics?lock=68623','available','Kulas LLC'),(271,'Generic Wooden Chair','The beautiful range of Apple Natural that has an exciting mix of natural ingredients. With the Goodness of 100% Natural Ingredients',339.00,'https://loremflickr.com/640/480/technics?lock=47675','available','Osinski - Marks'),(281,'Recycled Wooden Pizza','New range of formal shirts are designed keeping you in mind. With fits and styling that will make you stand apart',684.00,'https://loremflickr.com/640/480/technics?lock=2868','available','Sporer, Cole and Cremin'),(291,'Awesome Granite Table','The slim & simple Maple Gaming Keyboard from Dev Byte comes with a sleek body and 7- Color RGB LED Back-lighting for smart functionality',16.00,'https://loremflickr.com/640/480/technics?lock=71189','available','Lebsack, Tremblay and Borer'),(301,'Bespoke Granite Soap','The Football Is Good For Training And Recreational Purposes',895.00,'https://loremflickr.com/640/480/technics?lock=76305','available','Kohler - Feeney'),(311,'Intelligent Soft Table','Boston\'s most advanced compression wear technology increases muscle oxygenation, stabilizes active muscles',660.00,'https://loremflickr.com/640/480/technics?lock=33860','out-of-stock','Okuneva, Schamberger and Streich'),(321,'Recycled Plastic Keyboard','Ergonomic executive chair upholstered in bonded black leather and PVC padded seat and back for all-day comfort and support',398.00,'https://loremflickr.com/640/480/technics?lock=68768','out-of-stock','Denesik LLC'),(331,'Rustic Rubber Bacon','New ABC 13 9370, 13.3, 5th Gen CoreA5-8250U, 8GB RAM, 256GB SSD, power UHD Graphics, OS 10 Home, OS Office A & J 2016',631.00,'https://loremflickr.com/640/480/technics?lock=25938','available','Franey - Ruecker'),(341,'Practical Wooden Gloves','The Apollotech B340 is an affordable wireless mouse with reliable connectivity, 12 months battery life and modern design',97.00,'https://loremflickr.com/640/480/technics?lock=71799','out-of-stock','Stiedemann - Bogisich'),(351,'Refined Metal Shoes','Carbonite web goalkeeper gloves are ergonomically designed to give easy fit',137.00,'https://loremflickr.com/640/480/technics?lock=16780','out-of-stock','Mueller - Fritsch'),(361,'Tasty Soft Chair','Boston\'s most advanced compression wear technology increases muscle oxygenation, stabilizes active muscles',565.00,'https://loremflickr.com/640/480/technics?lock=26269','available','Satterfield and Sons'),(371,'Generic Metal Ball','The slim & simple Maple Gaming Keyboard from Dev Byte comes with a sleek body and 7- Color RGB LED Back-lighting for smart functionality',389.00,'https://loremflickr.com/640/480/technics?lock=44365','out-of-stock','Jast, Shanahan and Howe'),(381,'Gorgeous Soft Chicken','Carbonite web goalkeeper gloves are ergonomically designed to give easy fit',297.00,'https://loremflickr.com/640/480/technics?lock=82604','available','Dietrich - Hagenes'),(391,'Practical Concrete Cheese','The slim & simple Maple Gaming Keyboard from Dev Byte comes with a sleek body and 7- Color RGB LED Back-lighting for smart functionality',66.00,'https://loremflickr.com/640/480/technics?lock=50855','available','Kohler - Schmitt'),(401,'Tasty Concrete Gloves','Boston\'s most advanced compression wear technology increases muscle oxygenation, stabilizes active muscles',285.00,'https://loremflickr.com/640/480/technics?lock=65261','out-of-stock','Moen, Kuvalis and Gusikowski'),(411,'Practical Frozen Car','The Nagasaki Lander is the trademarked name of several series of Nagasaki sport bikes, that started with the 1984 ABC800J',685.00,'https://loremflickr.com/640/480/technics?lock=73687','available','Ledner, Haag and Lakin'),(421,'Electronic Cotton Shoes','New range of formal shirts are designed keeping you in mind. With fits and styling that will make you stand apart',401.00,'https://loremflickr.com/640/480/technics?lock=22803','available','Predovic LLC'),(431,'Tasty Wooden Towels','The Apollotech B340 is an affordable wireless mouse with reliable connectivity, 12 months battery life and modern design',198.00,'https://loremflickr.com/640/480/technics?lock=69930','out-of-stock','Wilderman Group'),(441,'Oriental Soft Chips','Ergonomic executive chair upholstered in bonded black leather and PVC padded seat and back for all-day comfort and support',257.00,'https://loremflickr.com/640/480/technics?lock=17826','available','Brown - Daugherty'),(451,'Electronic Fresh Chair','New range of formal shirts are designed keeping you in mind. With fits and styling that will make you stand apart',576.00,'https://loremflickr.com/640/480/technics?lock=93013','available','Kunze - Bode'),(461,'Modern Wooden Sausages','The slim & simple Maple Gaming Keyboard from Dev Byte comes with a sleek body and 7- Color RGB LED Back-lighting for smart functionality',487.00,'https://loremflickr.com/640/480/technics?lock=54789','available','Greenfelder, Hoeger and Strosin'),(471,'Oriental Steel Pizza','The slim & simple Maple Gaming Keyboard from Dev Byte comes with a sleek body and 7- Color RGB LED Back-lighting for smart functionality',856.00,'https://loremflickr.com/640/480/technics?lock=18503','available','Connelly, Schneider and Powlowski'),(481,'Generic Concrete Car','The Football Is Good For Training And Recreational Purposes',720.00,'https://loremflickr.com/640/480/technics?lock=42201','available','Herman LLC'),(491,'Practical Granite Hat','The Apollotech B340 is an affordable wireless mouse with reliable connectivity, 12 months battery life and modern design',20.00,'https://loremflickr.com/640/480/technics?lock=38707','available','Hirthe and Sons'),(501,'Handcrafted Steel Towels','The beautiful range of Apple Natural that has an exciting mix of natural ingredients. With the Goodness of 100% Natural Ingredients',669.00,'https://loremflickr.com/640/480/technics?lock=9832','out-of-stock','Lindgren, Brekke and Stracke'),(511,'Fantastic Fresh Ball','The slim & simple Maple Gaming Keyboard from Dev Byte comes with a sleek body and 7- Color RGB LED Back-lighting for smart functionality',880.00,'https://loremflickr.com/640/480/technics?lock=66724','out-of-stock','Mante Group'),(521,'Rustic Wooden Bike','New range of formal shirts are designed keeping you in mind. With fits and styling that will make you stand apart',580.00,'https://loremflickr.com/640/480/technics?lock=45346','out-of-stock','Beahan, Lakin and Cummerata'),(531,'Elegant Metal Bacon','The Football Is Good For Training And Recreational Purposes',896.00,'https://loremflickr.com/640/480/technics?lock=57629','out-of-stock','Effertz, Nicolas and Prohaska'),(541,'Rustic Fresh Towels','The Apollotech B340 is an affordable wireless mouse with reliable connectivity, 12 months battery life and modern design',114.00,'https://loremflickr.com/640/480/technics?lock=93168','out-of-stock','Brekke and Sons'),(551,'Intelligent Soft Tuna','The Apollotech B340 is an affordable wireless mouse with reliable connectivity, 12 months battery life and modern design',186.00,'https://loremflickr.com/640/480/technics?lock=41636','available','Dach, West and Graham'),(561,'Incredible Wooden Car','Andy shoes are designed to keeping in mind durability as well as trends, the most stylish range of shoes & sandals',122.00,'https://loremflickr.com/640/480/technics?lock=12860','out-of-stock','Goldner - Gottlieb'),(571,'Tasty Concrete Cheese','New range of formal shirts are designed keeping you in mind. With fits and styling that will make you stand apart',823.00,'https://loremflickr.com/640/480/technics?lock=76801','available','Gleason - Goyette'),(581,'Refined Frozen Chips','The Apollotech B340 is an affordable wireless mouse with reliable connectivity, 12 months battery life and modern design',962.00,'https://loremflickr.com/640/480/technics?lock=28066','out-of-stock','Jones LLC'),(591,'Refined Steel Shirt','New ABC 13 9370, 13.3, 5th Gen CoreA5-8250U, 8GB RAM, 256GB SSD, power UHD Graphics, OS 10 Home, OS Office A & J 2016',595.00,'https://loremflickr.com/640/480/technics?lock=10745','available','Oberbrunner Group'),(601,'Handcrafted Rubber Shoes','New ABC 13 9370, 13.3, 5th Gen CoreA5-8250U, 8GB RAM, 256GB SSD, power UHD Graphics, OS 10 Home, OS Office A & J 2016',983.00,'https://loremflickr.com/640/480/technics?lock=97993','available','Rohan Group'),(611,'Oriental Plastic Shoes','Carbonite web goalkeeper gloves are ergonomically designed to give easy fit',940.00,'https://loremflickr.com/640/480/technics?lock=65478','available','Greenfelder, Osinski and Spinka'),(621,'Handmade Soft Bike','New range of formal shirts are designed keeping you in mind. With fits and styling that will make you stand apart',504.00,'https://loremflickr.com/640/480/technics?lock=60440','available','Miller Group'),(631,'Ergonomic Granite Bike','Carbonite web goalkeeper gloves are ergonomically designed to give easy fit',243.00,'https://loremflickr.com/640/480/technics?lock=3207','out-of-stock','Stroman and Sons'),(641,'Elegant Soft Sausages','The automobile layout consists of a front-engine design, with transaxle-type transmissions mounted at the rear of the engine and four wheel drive',825.00,'https://loremflickr.com/640/480/technics?lock=71816','out-of-stock','Schamberger - Olson'),(651,'Refined Concrete Keyboard','Carbonite web goalkeeper gloves are ergonomically designed to give easy fit',329.00,'https://loremflickr.com/640/480/technics?lock=31815','available','Cummings, Altenwerth and Hudson'),(661,'Licensed Concrete Shoes','The beautiful range of Apple Natural that has an exciting mix of natural ingredients. With the Goodness of 100% Natural Ingredients',814.00,'https://loremflickr.com/640/480/technics?lock=89802','out-of-stock','Altenwerth - Pacocha'),(671,'Elegant Bronze Bacon','The slim & simple Maple Gaming Keyboard from Dev Byte comes with a sleek body and 7- Color RGB LED Back-lighting for smart functionality',983.00,'https://loremflickr.com/640/480/technics?lock=3400','out-of-stock','Bosco, Wehner and Roberts'),(681,'Elegant Steel Fish','The Apollotech B340 is an affordable wireless mouse with reliable connectivity, 12 months battery life and modern design',347.00,'https://loremflickr.com/640/480/technics?lock=71227','out-of-stock','Hettinger - Klocko'),(691,'Generic Steel Bacon','Boston\'s most advanced compression wear technology increases muscle oxygenation, stabilizes active muscles',729.00,'https://loremflickr.com/640/480/technics?lock=84119','available','Stamm - Reichel'),(701,'Electronic Fresh Mouse','The automobile layout consists of a front-engine design, with transaxle-type transmissions mounted at the rear of the engine and four wheel drive',617.00,'https://loremflickr.com/640/480/technics?lock=60642','out-of-stock','Dibbert, Schamberger and Considine'),(711,'Generic Plastic Pants','The slim & simple Maple Gaming Keyboard from Dev Byte comes with a sleek body and 7- Color RGB LED Back-lighting for smart functionality',934.00,'https://loremflickr.com/640/480/technics?lock=30677','available','Durgan Inc'),(721,'Rustic Fresh Tuna','The beautiful range of Apple Natural that has an exciting mix of natural ingredients. With the Goodness of 100% Natural Ingredients',478.00,'https://loremflickr.com/640/480/technics?lock=88503','available','Stroman - Dooley'),(731,'Bespoke Granite Computer','Boston\'s most advanced compression wear technology increases muscle oxygenation, stabilizes active muscles',227.00,'https://loremflickr.com/640/480/technics?lock=16553','out-of-stock','O\'Connell - Lemke'),(741,'Handcrafted Wooden Car','Ergonomic executive chair upholstered in bonded black leather and PVC padded seat and back for all-day comfort and support',908.00,'https://loremflickr.com/640/480/technics?lock=93136','out-of-stock','Rolfson, Sauer and Wintheiser'),(751,'Unbranded Frozen Keyboard','The Apollotech B340 is an affordable wireless mouse with reliable connectivity, 12 months battery life and modern design',625.00,'https://loremflickr.com/640/480/technics?lock=37492','available','Treutel, Connelly and Casper'),(761,'Refined Bronze Mouse','Ergonomic executive chair upholstered in bonded black leather and PVC padded seat and back for all-day comfort and support',412.00,'https://loremflickr.com/640/480/technics?lock=43176','out-of-stock','Stark, Waters and Dickinson'),(771,'Unbranded Metal Towels','Boston\'s most advanced compression wear technology increases muscle oxygenation, stabilizes active muscles',839.00,'https://loremflickr.com/640/480/technics?lock=64269','out-of-stock','Klein, Ryan and Padberg'),(781,'Sleek Plastic Bike','Boston\'s most advanced compression wear technology increases muscle oxygenation, stabilizes active muscles',134.00,'https://loremflickr.com/640/480/technics?lock=27804','out-of-stock','Dickens, Kohler and Rolfson'),(791,'Unbranded Frozen Gloves','The Apollotech B340 is an affordable wireless mouse with reliable connectivity, 12 months battery life and modern design',16.00,'https://loremflickr.com/640/480/technics?lock=4568','available','Koelpin - Gorczany'),(801,'Generic Wooden Table','Andy shoes are designed to keeping in mind durability as well as trends, the most stylish range of shoes & sandals',282.00,'https://loremflickr.com/640/480/technics?lock=79737','available','Harris - Wyman'),(811,'Intelligent Frozen Fish','The Football Is Good For Training And Recreational Purposes',647.00,'https://loremflickr.com/640/480/technics?lock=63046','out-of-stock','Klein Group'),(821,'Fantastic Cotton Towels','Carbonite web goalkeeper gloves are ergonomically designed to give easy fit',77.00,'https://loremflickr.com/640/480/technics?lock=29537','available','Hansen - Cummings'),(831,'Oriental Rubber Table','Boston\'s most advanced compression wear technology increases muscle oxygenation, stabilizes active muscles',987.00,'https://loremflickr.com/640/480/technics?lock=97334','out-of-stock','Zemlak, Lind and Rodriguez'),(841,'Bespoke Steel Chicken','The Football Is Good For Training And Recreational Purposes',389.00,'https://loremflickr.com/640/480/technics?lock=29657','available','Oberbrunner and Sons'),(851,'Small Granite Salad','The Football Is Good For Training And Recreational Purposes',787.00,'https://loremflickr.com/640/480/technics?lock=55093','available','Sauer, Wintheiser and Cremin'),(861,'Unbranded Bronze Bike','The beautiful range of Apple Natural that has an exciting mix of natural ingredients. With the Goodness of 100% Natural Ingredients',107.00,'https://loremflickr.com/640/480/technics?lock=18736','available','Schumm - McClure'),(871,'Intelligent Plastic Table','The Football Is Good For Training And Recreational Purposes',514.00,'https://loremflickr.com/640/480/technics?lock=64663','available','Altenwerth Group'),(881,'Licensed Rubber Chair','The Nagasaki Lander is the trademarked name of several series of Nagasaki sport bikes, that started with the 1984 ABC800J',613.00,'https://loremflickr.com/640/480/technics?lock=56233','out-of-stock','Predovic - Hagenes'),(891,'Small Rubber Shoes','Carbonite web goalkeeper gloves are ergonomically designed to give easy fit',741.00,'https://loremflickr.com/640/480/technics?lock=28763','available','Jast and Sons'),(901,'Elegant Steel Mouse','The Nagasaki Lander is the trademarked name of several series of Nagasaki sport bikes, that started with the 1984 ABC800J',390.00,'https://loremflickr.com/640/480/technics?lock=60336','out-of-stock','Hagenes - Kemmer'),(911,'Licensed Plastic Soap','The automobile layout consists of a front-engine design, with transaxle-type transmissions mounted at the rear of the engine and four wheel drive',185.00,'https://loremflickr.com/640/480/technics?lock=24320','out-of-stock','Gerhold - Rippin'),(921,'Intelligent Bronze Chips','The Football Is Good For Training And Recreational Purposes',530.00,'https://loremflickr.com/640/480/technics?lock=26191','out-of-stock','Fahey LLC'),(931,'Rustic Cotton Ball','The Apollotech B340 is an affordable wireless mouse with reliable connectivity, 12 months battery life and modern design',524.00,'https://loremflickr.com/640/480/technics?lock=8003','available','Maggio, Stanton and Stanton'),(941,'Bespoke Wooden Cheese','Ergonomic executive chair upholstered in bonded black leather and PVC padded seat and back for all-day comfort and support',745.00,'https://loremflickr.com/640/480/technics?lock=1983','available','Goldner - Lubowitz'),(951,'Generic Granite Bacon','The Nagasaki Lander is the trademarked name of several series of Nagasaki sport bikes, that started with the 1984 ABC800J',647.00,'https://loremflickr.com/640/480/technics?lock=25340','out-of-stock','Romaguera, Wisoky and Watsica'),(961,'Modern Granite Soap','The Football Is Good For Training And Recreational Purposes',345.00,'https://loremflickr.com/640/480/technics?lock=27962','available','Stokes Group'),(971,'Handmade Fresh Keyboard','The automobile layout consists of a front-engine design, with transaxle-type transmissions mounted at the rear of the engine and four wheel drive',107.00,'https://loremflickr.com/640/480/technics?lock=73455','out-of-stock','Grady Inc'),(981,'Incredible Wooden Keyboard','New range of formal shirts are designed keeping you in mind. With fits and styling that will make you stand apart',423.00,'https://loremflickr.com/640/480/technics?lock=84309','out-of-stock','Prosacco Group'),(991,'Awesome Bronze Soap','New ABC 13 9370, 13.3, 5th Gen CoreA5-8250U, 8GB RAM, 256GB SSD, power UHD Graphics, OS 10 Home, OS Office A & J 2016',416.00,'https://loremflickr.com/640/480/technics?lock=49064','out-of-stock','Little, Kub and Nader');
/*!40000 ALTER TABLE "sylius_product" ENABLE KEYS */;
UNLOCK TABLES;

--
-- Table structure for table "sylius_product_attribute"
--

DROP TABLE IF EXISTS "sylius_product_attribute";
/*!40101 SET @saved_cs_client     = @@character_set_client */;
/*!50503 SET character_set_client = utf8mb4 */;
CREATE TABLE "sylius_product_attribute" (
  "id" int NOT NULL AUTO_INCREMENT,
  "name" varchar(255) NOT NULL,
  "type" varchar(255) NOT NULL,
  PRIMARY KEY ("id")
);
/*!40101 SET character_set_client = @saved_cs_client */;

--
-- Dumping data for table "sylius_product_attribute"
--

LOCK TABLES "sylius_product_attribute" WRITE;
/*!40000 ALTER TABLE "sylius_product_attribute" DISABLE KEYS */;
/*!40000 ALTER TABLE "sylius_product_attribute" ENABLE KEYS */;
UNLOCK TABLES;

--
-- Table structure for table "sylius_product_taxon"
--

DROP TABLE IF EXISTS "sylius_product_taxon";
/*!40101 SET @saved_cs_client     = @@character_set_client */;
/*!50503 SET character_set_client = utf8mb4 */;
CREATE TABLE "sylius_product_taxon" (
  "product_id" int NOT NULL,
  "taxon_id" int NOT NULL,
  PRIMARY KEY ("product_id","taxon_id"),
  KEY "taxon_id" ("taxon_id"),
  CONSTRAINT "sylius_product_taxon_ibfk_1" FOREIGN KEY ("product_id") REFERENCES "sylius_product" ("id") ON DELETE CASCADE ON UPDATE CASCADE,
  CONSTRAINT "sylius_product_taxon_ibfk_2" FOREIGN KEY ("taxon_id") REFERENCES "sylius_taxon" ("id") ON DELETE CASCADE ON UPDATE CASCADE
);
/*!40101 SET character_set_client = @saved_cs_client */;

--
-- Dumping data for table "sylius_product_taxon"
--

LOCK TABLES "sylius_product_taxon" WRITE;
/*!40000 ALTER TABLE "sylius_product_taxon" DISABLE KEYS */;
INSERT INTO "sylius_product_taxon" VALUES (71,1),(371,1),(411,1),(431,1),(461,1),(651,1),(691,1),(731,1),(881,1),(891,1),(921,1),(61,11),(91,11),(111,11),(131,11),(161,11),(181,11),(211,11),(241,11),(311,11),(391,11),(581,11),(591,11),(601,11),(621,11),(771,11),(851,11),(901,11),(21,21),(141,21),(301,21),(321,21),(331,21),(341,21),(381,21),(471,21),(481,21),(511,21),(561,21),(741,21),(861,21),(911,21),(941,21),(971,21),(81,31),(201,31),(221,31),(271,31),(281,31),(421,31),(521,31),(551,31),(611,31),(671,31),(711,31),(751,31),(781,31),(841,31),(871,31),(931,31),(991,31),(1,41),(11,41),(31,41),(51,41),(101,41),(121,41),(151,41),(171,41),(291,41),(351,41),(361,41),(401,41),(441,41),(541,41),(571,41),(631,41),(661,41),(681,41),(721,41),(761,41),(801,41),(981,41),(41,51),(191,51),(231,51),(251,51),(261,51),(451,51),(491,51),(501,51),(531,51),(641,51),(701,51),(791,51),(811,51),(821,51),(831,51),(951,51),(961,51);
/*!40000 ALTER TABLE "sylius_product_taxon" ENABLE KEYS */;
UNLOCK TABLES;

--
-- Table structure for table "sylius_product_variant"
--

DROP TABLE IF EXISTS "sylius_product_variant";
/*!40101 SET @saved_cs_client     = @@character_set_client */;
/*!50503 SET character_set_client = utf8mb4 */;
CREATE TABLE "sylius_product_variant" (
  "id" int NOT NULL AUTO_INCREMENT,
  "code" varchar(255) NOT NULL,
  "name" varchar(255) NOT NULL,
  "price" decimal(10,2) NOT NULL,
  "product_id" int NOT NULL,
  PRIMARY KEY ("id"),
  KEY "product_id" ("product_id"),
  CONSTRAINT "sylius_product_variant_ibfk_1" FOREIGN KEY ("product_id") REFERENCES "sylius_product" ("id") ON DELETE CASCADE ON UPDATE CASCADE
);
/*!40101 SET character_set_client = @saved_cs_client */;

--
-- Dumping data for table "sylius_product_variant"
--

LOCK TABLES "sylius_product_variant" WRITE;
/*!40000 ALTER TABLE "sylius_product_variant" DISABLE KEYS */;
/*!40000 ALTER TABLE "sylius_product_variant" ENABLE KEYS */;
UNLOCK TABLES;

--
-- Table structure for table "sylius_shipping"
--

DROP TABLE IF EXISTS "sylius_shipping";
/*!40101 SET @saved_cs_client     = @@character_set_client */;
/*!50503 SET character_set_client = utf8mb4 */;
CREATE TABLE "sylius_shipping" (
  "id" int NOT NULL AUTO_INCREMENT,
  "order_id" int NOT NULL,
  "method_id" int NOT NULL,
  "state" varchar(255) NOT NULL,
  "amount" int NOT NULL,
  PRIMARY KEY ("id"),
  KEY "IDX_A9D9E5BBA76ED395" ("order_id"),
  KEY "IDX_A9D9E5BB3D3C5D5F" ("method_id"),
  CONSTRAINT "FK_A9D9E5BB3D3C5D5F" FOREIGN KEY ("method_id") REFERENCES "sylius_shipping_method" ("id") ON DELETE CASCADE ON UPDATE CASCADE,
  CONSTRAINT "FK_A9D9E5BBA76ED395" FOREIGN KEY ("order_id") REFERENCES "sylius_order" ("id") ON DELETE CASCADE ON UPDATE CASCADE
);
/*!40101 SET character_set_client = @saved_cs_client */;

--
-- Dumping data for table "sylius_shipping"
--

LOCK TABLES "sylius_shipping" WRITE;
/*!40000 ALTER TABLE "sylius_shipping" DISABLE KEYS */;
INSERT INTO "sylius_shipping" VALUES (1,1,1,'Ready',5),(11,11,1,'Ready',6),(21,21,11,'Ready',6),(31,31,1,'Shipped',8),(41,41,21,'Ready',14),(51,51,11,'Shipped',13),(61,61,11,'Ready',12),(71,71,11,'Shipped',13),(81,81,11,'Shipped',11),(91,91,11,'Shipped',8),(101,101,11,'Shipped',14),(111,111,11,'Ready',12),(121,121,21,'Ready',15),(131,131,11,'Shipped',13),(141,141,1,'Shipped',7),(151,151,21,'Shipped',12),(161,161,11,'Shipped',6),(171,171,11,'Shipped',5),(181,181,1,'Ready',8),(191,191,21,'Shipped',14),(201,201,1,'Ready',12),(211,211,11,'Shipped',7),(221,221,11,'Shipped',5),(231,231,11,'Ready',5),(241,241,21,'Ready',7),(251,251,21,'Ready',14),(261,261,11,'Ready',14),(271,271,1,'Ready',10),(281,281,1,'Shipped',13),(291,291,11,'Ready',15),(301,301,11,'Ready',12),(311,311,11,'Ready',7),(321,321,21,'Shipped',13),(331,331,11,'Shipped',10),(341,341,21,'Shipped',15),(351,351,21,'Shipped',8),(361,361,11,'Shipped',8),(371,371,1,'Ready',14),(381,381,21,'Shipped',9),(391,391,21,'Shipped',10),(401,401,21,'Ready',15),(411,411,21,'Ready',9),(421,421,21,'Shipped',9),(431,431,1,'Shipped',14),(441,441,1,'Ready',7),(451,451,11,'Ready',14),(461,461,21,'Shipped',7),(471,471,11,'Shipped',14),(481,481,1,'Shipped',13),(491,491,11,'Ready',13),(501,501,11,'Shipped',6),(511,511,1,'Shipped',11),(521,521,1,'Shipped',5),(531,531,21,'Shipped',9),(541,541,21,'Ready',15),(551,551,1,'Shipped',15),(561,561,21,'Shipped',13),(571,571,21,'Shipped',12),(581,581,21,'Ready',5),(591,591,11,'Shipped',5),(601,601,21,'Ready',6),(611,611,21,'Ready',6),(621,621,11,'Shipped',9),(631,631,11,'Ready',15),(641,641,21,'Shipped',10),(651,651,11,'Ready',12),(661,661,21,'Shipped',6),(671,671,11,'Ready',8),(681,681,11,'Shipped',15),(691,691,11,'Shipped',8),(701,701,11,'Shipped',9),(711,711,1,'Shipped',7),(721,721,21,'Shipped',7),(731,731,11,'Shipped',14),(741,741,1,'Ready',5),(751,751,21,'Ready',6),(761,761,1,'Ready',14),(771,771,1,'Ready',5),(781,781,21,'Ready',15),(791,791,1,'Shipped',11),(801,801,1,'Shipped',12),(811,811,11,'Shipped',13),(821,821,21,'Ready',13),(831,831,11,'Shipped',6),(841,841,1,'Ready',7),(851,851,11,'Shipped',13),(861,861,21,'Shipped',11),(871,871,11,'Shipped',13),(881,881,11,'Shipped',14),(891,891,21,'Ready',5),(901,901,1,'Shipped',15),(911,911,1,'Ready',12),(921,921,1,'Shipped',13),(931,931,21,'Ready',13),(941,941,11,'Ready',12),(951,951,11,'Ready',15),(961,961,1,'Shipped',10),(971,971,21,'Ready',14),(981,981,1,'Shipped',11),(991,991,21,'Ready',8);
/*!40000 ALTER TABLE "sylius_shipping" ENABLE KEYS */;
UNLOCK TABLES;

--
-- Table structure for table "sylius_shipping_method"
--

DROP TABLE IF EXISTS "sylius_shipping_method";
/*!40101 SET @saved_cs_client     = @@character_set_client */;
/*!50503 SET character_set_client = utf8mb4 */;
CREATE TABLE "sylius_shipping_method" (
  "id" int NOT NULL AUTO_INCREMENT,
  "code" varchar(255) NOT NULL,
  "name" varchar(255) NOT NULL,
  "description" text,
  "calculator" text NOT NULL,
  PRIMARY KEY ("id"),
  UNIQUE KEY "UNIQ_57698AED77153098" ("code")
);
/*!40101 SET character_set_client = @saved_cs_client */;

--
-- Dumping data for table "sylius_shipping_method"
--

LOCK TABLES "sylius_shipping_method" WRITE;
/*!40000 ALTER TABLE "sylius_shipping_method" DISABLE KEYS */;
INSERT INTO "sylius_shipping_method" VALUES (1,'ups','UPS','cum laudantium exercitationem','{\n                                \"type\": \"per_item_rate\",\n                                \"configuration\": {\n                                    \"amount\": 1000,\n                                    \"included_units\": 2,\n                                    \"additional_unit_price\": 500\n                                }\n                            }'),(11,'fedex','FedEx Logistics','dolores totam maiores','{\n                                \"type\": \"per_item_rate\",\n                                \"configuration\": {\n                                    \"amount\": 1000,\n                                    \"included_units\": 2,\n                                    \"additional_unit_price\": 500\n                                }\n                            }'),(21,'dhl-express','DHL Express','optio repellendus quidem','{\n                                \"type\": \"per_item_rate\",\n                                \"configuration\": {\n                                    \"amount\": 1000,\n                                    \"included_units\": 2,\n                                    \"additional_unit_price\": 500\n                                }\n                            }');
/*!40000 ALTER TABLE "sylius_shipping_method" ENABLE KEYS */;
UNLOCK TABLES;

--
-- Table structure for table "sylius_taxon"
--

DROP TABLE IF EXISTS "sylius_taxon";
/*!40101 SET @saved_cs_client     = @@character_set_client */;
/*!50503 SET character_set_client = utf8mb4 */;
CREATE TABLE "sylius_taxon" (
  "id" int NOT NULL AUTO_INCREMENT,
  "name" varchar(255) NOT NULL,
  "description" text,
  PRIMARY KEY ("id")
);
/*!40101 SET character_set_client = @saved_cs_client */;

--
-- Dumping data for table "sylius_taxon"
--

LOCK TABLES "sylius_taxon" WRITE;
/*!40000 ALTER TABLE "sylius_taxon" DISABLE KEYS */;
INSERT INTO "sylius_taxon" VALUES (1,'Desktop','The Football Is Good For Training And Recreational Purposes'),(11,'Portable','The slim & simple Maple Gaming Keyboard from Dev Byte comes with a sleek body and 7- Color RGB LED Back-lighting for smart functionality'),(21,'Apple','New range of formal shirts are designed keeping you in mind. With fits and styling that will make you stand apart'),(31,'Smartphones','Andy shoes are designed to keeping in mind durability as well as trends, the most stylish range of shoes & sandals'),(41,'Reconditioned','The Nagasaki Lander is the trademarked name of several series of Nagasaki sport bikes, that started with the 1984 ABC800J'),(51,'Other materials','Boston\'s most advanced compression wear technology increases muscle oxygenation, stabilizes active muscles');
/*!40000 ALTER TABLE "sylius_taxon" ENABLE KEYS */;
UNLOCK TABLES;

--
-- Table structure for table "transaction"
--

DROP TABLE IF EXISTS "transaction";
/*!40101 SET @saved_cs_client     = @@character_set_client */;
/*!50503 SET character_set_client = utf8mb4 */;
CREATE TABLE "transaction" (
  "id" int NOT NULL AUTO_INCREMENT,
  "amount" decimal(15,2) NOT NULL,
  "type" enum('payment','refund') NOT NULL,
  "status" enum('completed','pending','errored') NOT NULL,
  "order_id" int DEFAULT NULL,
  "customer_issue_id" int DEFAULT NULL,
  "created_at" datetime NOT NULL DEFAULT CURRENT_TIMESTAMP,
  "updated_at" datetime NOT NULL,
  "deleted_at" datetime NOT NULL,
  PRIMARY KEY ("id"),
  UNIQUE KEY "order_id" ("order_id"),
  UNIQUE KEY "customer_issue_id" ("customer_issue_id"),
  CONSTRAINT "FK_CI_TR" FOREIGN KEY ("customer_issue_id") REFERENCES "customer_issue" ("id"),
  CONSTRAINT "FK_O_TR" FOREIGN KEY ("order_id") REFERENCES "sylius_order" ("id")
);
/*!40101 SET character_set_client = @saved_cs_client */;

--
-- Dumping data for table "transaction"
--

LOCK TABLES "transaction" WRITE;
/*!40000 ALTER TABLE "transaction" DISABLE KEYS */;
INSERT INTO "transaction" VALUES (1,964.00,'payment','errored',1,NULL,'2023-05-29 13:02:57','0000-00-00 00:00:00','0000-00-00 00:00:00'),(11,247.00,'payment','errored',11,NULL,'2023-05-29 13:02:57','0000-00-00 00:00:00','0000-00-00 00:00:00'),(21,124.00,'payment','errored',21,NULL,'2023-05-29 13:02:58','0000-00-00 00:00:00','0000-00-00 00:00:00'),(31,470.00,'payment','completed',31,NULL,'2023-05-29 13:02:58','0000-00-00 00:00:00','0000-00-00 00:00:00'),(41,636.00,'payment','completed',41,NULL,'2023-05-29 13:02:58','0000-00-00 00:00:00','0000-00-00 00:00:00'),(51,292.00,'payment','errored',51,NULL,'2023-05-29 13:02:58','0000-00-00 00:00:00','0000-00-00 00:00:00'),(61,754.00,'payment','completed',61,NULL,'2023-05-29 13:02:58','0000-00-00 00:00:00','0000-00-00 00:00:00'),(71,77.00,'payment','errored',71,NULL,'2023-05-29 13:02:58','0000-00-00 00:00:00','0000-00-00 00:00:00'),(81,839.00,'payment','pending',81,NULL,'2023-05-29 13:02:58','0000-00-00 00:00:00','0000-00-00 00:00:00'),(91,177.00,'payment','pending',91,NULL,'2023-05-29 13:02:58','0000-00-00 00:00:00','0000-00-00 00:00:00'),(101,744.00,'payment','completed',101,NULL,'2023-05-29 13:02:58','0000-00-00 00:00:00','0000-00-00 00:00:00'),(111,459.00,'payment','errored',111,NULL,'2023-05-29 13:02:58','0000-00-00 00:00:00','0000-00-00 00:00:00'),(121,97.00,'payment','pending',121,NULL,'2023-05-29 13:02:58','0000-00-00 00:00:00','0000-00-00 00:00:00'),(131,301.00,'payment','completed',131,NULL,'2023-05-29 13:02:58','0000-00-00 00:00:00','0000-00-00 00:00:00'),(141,471.00,'payment','completed',141,NULL,'2023-05-29 13:02:58','0000-00-00 00:00:00','0000-00-00 00:00:00'),(151,303.00,'payment','pending',151,NULL,'2023-05-29 13:02:58','0000-00-00 00:00:00','0000-00-00 00:00:00'),(161,693.00,'payment','pending',161,NULL,'2023-05-29 13:02:58','0000-00-00 00:00:00','0000-00-00 00:00:00'),(171,767.00,'payment','pending',171,NULL,'2023-05-29 13:02:59','0000-00-00 00:00:00','0000-00-00 00:00:00'),(181,617.00,'payment','completed',181,NULL,'2023-05-29 13:02:59','0000-00-00 00:00:00','0000-00-00 00:00:00'),(191,947.00,'payment','pending',191,NULL,'2023-05-29 13:02:59','0000-00-00 00:00:00','0000-00-00 00:00:00'),(201,901.00,'payment','errored',201,NULL,'2023-05-29 13:02:59','0000-00-00 00:00:00','0000-00-00 00:00:00'),(211,126.00,'payment','completed',211,NULL,'2023-05-29 13:02:59','0000-00-00 00:00:00','0000-00-00 00:00:00'),(221,973.00,'payment','pending',221,NULL,'2023-05-29 13:02:59','0000-00-00 00:00:00','0000-00-00 00:00:00'),(231,383.00,'payment','pending',231,NULL,'2023-05-29 13:02:59','0000-00-00 00:00:00','0000-00-00 00:00:00'),(241,362.00,'payment','errored',241,NULL,'2023-05-29 13:02:59','0000-00-00 00:00:00','0000-00-00 00:00:00'),(251,926.00,'payment','errored',251,NULL,'2023-05-29 13:02:59','0000-00-00 00:00:00','0000-00-00 00:00:00'),(261,948.00,'payment','pending',261,NULL,'2023-05-29 13:02:59','0000-00-00 00:00:00','0000-00-00 00:00:00'),(271,847.00,'payment','completed',271,NULL,'2023-05-29 13:02:59','0000-00-00 00:00:00','0000-00-00 00:00:00'),(281,452.00,'payment','errored',281,NULL,'2023-05-29 13:02:59','0000-00-00 00:00:00','0000-00-00 00:00:00'),(291,49.00,'payment','completed',291,NULL,'2023-05-29 13:02:59','0000-00-00 00:00:00','0000-00-00 00:00:00'),(301,637.00,'payment','completed',301,NULL,'2023-05-29 13:02:59','0000-00-00 00:00:00','0000-00-00 00:00:00'),(311,816.00,'payment','errored',311,NULL,'2023-05-29 13:03:00','0000-00-00 00:00:00','0000-00-00 00:00:00'),(321,241.00,'payment','completed',321,NULL,'2023-05-29 13:03:00','0000-00-00 00:00:00','0000-00-00 00:00:00'),(331,926.00,'payment','completed',331,NULL,'2023-05-29 13:03:00','0000-00-00 00:00:00','0000-00-00 00:00:00'),(341,306.00,'payment','pending',341,NULL,'2023-05-29 13:03:00','0000-00-00 00:00:00','0000-00-00 00:00:00'),(351,692.00,'payment','completed',351,NULL,'2023-05-29 13:03:00','0000-00-00 00:00:00','0000-00-00 00:00:00'),(361,392.00,'payment','pending',361,NULL,'2023-05-29 13:03:00','0000-00-00 00:00:00','0000-00-00 00:00:00'),(371,781.00,'payment','completed',371,NULL,'2023-05-29 13:03:00','0000-00-00 00:00:00','0000-00-00 00:00:00'),(381,545.00,'payment','pending',381,NULL,'2023-05-29 13:03:00','0000-00-00 00:00:00','0000-00-00 00:00:00'),(391,389.00,'payment','errored',391,NULL,'2023-05-29 13:03:00','0000-00-00 00:00:00','0000-00-00 00:00:00'),(401,905.00,'payment','completed',401,NULL,'2023-05-29 13:03:00','0000-00-00 00:00:00','0000-00-00 00:00:00'),(411,40.00,'payment','errored',411,NULL,'2023-05-29 13:03:00','0000-00-00 00:00:00','0000-00-00 00:00:00'),(421,104.00,'payment','pending',421,NULL,'2023-05-29 13:03:00','0000-00-00 00:00:00','0000-00-00 00:00:00'),(431,563.00,'payment','completed',431,NULL,'2023-05-29 13:03:00','0000-00-00 00:00:00','0000-00-00 00:00:00'),(441,827.00,'payment','errored',441,NULL,'2023-05-29 13:03:00','0000-00-00 00:00:00','0000-00-00 00:00:00'),(451,453.00,'payment','completed',451,NULL,'2023-05-29 13:03:01','0000-00-00 00:00:00','0000-00-00 00:00:00'),(461,798.00,'payment','errored',461,NULL,'2023-05-29 13:03:01','0000-00-00 00:00:00','0000-00-00 00:00:00'),(471,123.00,'payment','completed',471,NULL,'2023-05-29 13:03:01','0000-00-00 00:00:00','0000-00-00 00:00:00'),(481,311.00,'payment','pending',481,NULL,'2023-05-29 13:03:01','0000-00-00 00:00:00','0000-00-00 00:00:00'),(491,239.00,'payment','completed',491,NULL,'2023-05-29 13:03:01','0000-00-00 00:00:00','0000-00-00 00:00:00'),(501,815.00,'payment','completed',501,NULL,'2023-05-29 13:03:01','0000-00-00 00:00:00','0000-00-00 00:00:00'),(511,280.00,'payment','errored',511,NULL,'2023-05-29 13:03:01','0000-00-00 00:00:00','0000-00-00 00:00:00'),(521,333.00,'payment','pending',521,NULL,'2023-05-29 13:03:01','0000-00-00 00:00:00','0000-00-00 00:00:00'),(531,572.00,'payment','errored',531,NULL,'2023-05-29 13:03:01','0000-00-00 00:00:00','0000-00-00 00:00:00'),(541,366.00,'payment','errored',541,NULL,'2023-05-29 13:03:01','0000-00-00 00:00:00','0000-00-00 00:00:00'),(551,671.00,'payment','pending',551,NULL,'2023-05-29 13:03:01','0000-00-00 00:00:00','0000-00-00 00:00:00'),(561,834.00,'payment','errored',561,NULL,'2023-05-29 13:03:01','0000-00-00 00:00:00','0000-00-00 00:00:00'),(571,727.00,'payment','pending',571,NULL,'2023-05-29 13:03:01','0000-00-00 00:00:00','0000-00-00 00:00:00'),(581,785.00,'payment','completed',581,NULL,'2023-05-29 13:03:01','0000-00-00 00:00:00','0000-00-00 00:00:00'),(591,92.00,'payment','completed',591,NULL,'2023-05-29 13:03:01','0000-00-00 00:00:00','0000-00-00 00:00:00'),(601,606.00,'payment','errored',601,NULL,'2023-05-29 13:03:02','0000-00-00 00:00:00','0000-00-00 00:00:00'),(611,604.00,'payment','errored',611,NULL,'2023-05-29 13:03:02','0000-00-00 00:00:00','0000-00-00 00:00:00'),(621,19.00,'payment','pending',621,NULL,'2023-05-29 13:03:02','0000-00-00 00:00:00','0000-00-00 00:00:00'),(631,107.00,'payment','pending',631,NULL,'2023-05-29 13:03:02','0000-00-00 00:00:00','0000-00-00 00:00:00'),(641,170.00,'payment','pending',641,NULL,'2023-05-29 13:03:02','0000-00-00 00:00:00','0000-00-00 00:00:00'),(651,631.00,'payment','errored',651,NULL,'2023-05-29 13:03:02','0000-00-00 00:00:00','0000-00-00 00:00:00'),(661,438.00,'payment','pending',661,NULL,'2023-05-29 13:03:02','0000-00-00 00:00:00','0000-00-00 00:00:00'),(671,460.00,'payment','errored',671,NULL,'2023-05-29 13:03:02','0000-00-00 00:00:00','0000-00-00 00:00:00'),(681,303.00,'payment','completed',681,NULL,'2023-05-29 13:03:02','0000-00-00 00:00:00','0000-00-00 00:00:00'),(691,487.00,'payment','pending',691,NULL,'2023-05-29 13:03:02','0000-00-00 00:00:00','0000-00-00 00:00:00'),(701,895.00,'payment','errored',701,NULL,'2023-05-29 13:03:02','0000-00-00 00:00:00','0000-00-00 00:00:00'),(711,358.00,'payment','pending',711,NULL,'2023-05-29 13:03:02','0000-00-00 00:00:00','0000-00-00 00:00:00'),(721,549.00,'payment','pending',721,NULL,'2023-05-29 13:03:02','0000-00-00 00:00:00','0000-00-00 00:00:00'),(731,709.00,'payment','completed',731,NULL,'2023-05-29 13:03:02','0000-00-00 00:00:00','0000-00-00 00:00:00'),(741,246.00,'payment','errored',741,NULL,'2023-05-29 13:03:02','0000-00-00 00:00:00','0000-00-00 00:00:00'),(751,69.00,'payment','pending',751,NULL,'2023-05-29 13:03:03','0000-00-00 00:00:00','0000-00-00 00:00:00'),(761,322.00,'payment','completed',761,NULL,'2023-05-29 13:03:03','0000-00-00 00:00:00','0000-00-00 00:00:00'),(771,624.00,'payment','completed',771,NULL,'2023-05-29 13:03:03','0000-00-00 00:00:00','0000-00-00 00:00:00'),(781,389.00,'payment','completed',781,NULL,'2023-05-29 13:03:03','0000-00-00 00:00:00','0000-00-00 00:00:00'),(791,17.00,'payment','pending',791,NULL,'2023-05-29 13:03:03','0000-00-00 00:00:00','0000-00-00 00:00:00'),(801,28.00,'payment','completed',801,NULL,'2023-05-29 13:03:03','0000-00-00 00:00:00','0000-00-00 00:00:00'),(811,615.00,'payment','pending',811,NULL,'2023-05-29 13:03:03','0000-00-00 00:00:00','0000-00-00 00:00:00'),(821,465.00,'payment','completed',821,NULL,'2023-05-29 13:03:03','0000-00-00 00:00:00','0000-00-00 00:00:00'),(831,83.00,'payment','errored',831,NULL,'2023-05-29 13:03:03','0000-00-00 00:00:00','0000-00-00 00:00:00'),(841,594.00,'payment','completed',841,NULL,'2023-05-29 13:03:03','0000-00-00 00:00:00','0000-00-00 00:00:00'),(851,626.00,'payment','completed',851,NULL,'2023-05-29 13:03:03','0000-00-00 00:00:00','0000-00-00 00:00:00'),(861,242.00,'payment','errored',861,NULL,'2023-05-29 13:03:03','0000-00-00 00:00:00','0000-00-00 00:00:00'),(871,606.00,'payment','pending',871,NULL,'2023-05-29 13:03:03','0000-00-00 00:00:00','0000-00-00 00:00:00'),(881,658.00,'payment','completed',881,NULL,'2023-05-29 13:03:03','0000-00-00 00:00:00','0000-00-00 00:00:00'),(891,814.00,'payment','completed',891,NULL,'2023-05-29 13:03:03','0000-00-00 00:00:00','0000-00-00 00:00:00'),(901,530.00,'payment','completed',901,NULL,'2023-05-29 13:03:03','0000-00-00 00:00:00','0000-00-00 00:00:00'),(911,613.00,'payment','errored',911,NULL,'2023-05-29 13:03:04','0000-00-00 00:00:00','0000-00-00 00:00:00'),(921,570.00,'payment','completed',921,NULL,'2023-05-29 13:03:04','0000-00-00 00:00:00','0000-00-00 00:00:00'),(931,745.00,'payment','pending',931,NULL,'2023-05-29 13:03:04','0000-00-00 00:00:00','0000-00-00 00:00:00'),(941,643.00,'payment','errored',941,NULL,'2023-05-29 13:03:04','0000-00-00 00:00:00','0000-00-00 00:00:00'),(951,233.00,'payment','errored',951,NULL,'2023-05-29 13:03:04','0000-00-00 00:00:00','0000-00-00 00:00:00'),(961,217.00,'payment','pending',961,NULL,'2023-05-29 13:03:04','0000-00-00 00:00:00','0000-00-00 00:00:00'),(971,232.00,'payment','errored',971,NULL,'2023-05-29 13:03:04','0000-00-00 00:00:00','0000-00-00 00:00:00'),(981,202.00,'payment','completed',981,NULL,'2023-05-29 13:03:04','0000-00-00 00:00:00','0000-00-00 00:00:00'),(991,194.00,'payment','errored',991,NULL,'2023-05-29 13:03:04','0000-00-00 00:00:00','0000-00-00 00:00:00'),(1001,407.00,'refund','pending',NULL,1,'2023-05-29 13:03:04','0000-00-00 00:00:00','0000-00-00 00:00:00'),(1011,447.00,'refund','completed',NULL,11,'2023-05-29 13:03:04','0000-00-00 00:00:00','0000-00-00 00:00:00'),(1021,783.00,'refund','errored',NULL,21,'2023-05-29 13:03:04','0000-00-00 00:00:00','0000-00-00 00:00:00'),(1031,859.00,'refund','errored',NULL,31,'2023-05-29 13:03:04','0000-00-00 00:00:00','0000-00-00 00:00:00'),(1041,213.00,'refund','errored',NULL,41,'2023-05-29 13:03:04','0000-00-00 00:00:00','0000-00-00 00:00:00'),(1051,607.00,'refund','errored',NULL,51,'2023-05-29 13:03:04','0000-00-00 00:00:00','0000-00-00 00:00:00'),(1061,280.00,'refund','completed',NULL,61,'2023-05-29 13:03:05','0000-00-00 00:00:00','0000-00-00 00:00:00'),(1071,88.00,'refund','errored',NULL,71,'2023-05-29 13:03:05','0000-00-00 00:00:00','0000-00-00 00:00:00'),(1081,158.00,'refund','completed',NULL,81,'2023-05-29 13:03:05','0000-00-00 00:00:00','0000-00-00 00:00:00'),(1091,254.00,'refund','pending',NULL,91,'2023-05-29 13:03:05','0000-00-00 00:00:00','0000-00-00 00:00:00'),(1101,329.00,'refund','errored',NULL,101,'2023-05-29 13:03:05','0000-00-00 00:00:00','0000-00-00 00:00:00'),(1111,947.00,'refund','errored',NULL,111,'2023-05-29 13:03:05','0000-00-00 00:00:00','0000-00-00 00:00:00'),(1121,289.00,'refund','completed',NULL,121,'2023-05-29 13:03:05','0000-00-00 00:00:00','0000-00-00 00:00:00'),(1131,220.00,'refund','errored',NULL,131,'2023-05-29 13:03:05','0000-00-00 00:00:00','0000-00-00 00:00:00'),(1141,383.00,'refund','pending',NULL,141,'2023-05-29 13:03:05','0000-00-00 00:00:00','0000-00-00 00:00:00'),(1151,650.00,'refund','completed',NULL,151,'2023-05-29 13:03:05','0000-00-00 00:00:00','0000-00-00 00:00:00'),(1161,564.00,'refund','completed',NULL,161,'2023-05-29 13:03:05','0000-00-00 00:00:00','0000-00-00 00:00:00'),(1171,786.00,'refund','errored',NULL,171,'2023-05-29 13:03:05','0000-00-00 00:00:00','0000-00-00 00:00:00'),(1181,10.00,'refund','completed',NULL,181,'2023-05-29 13:03:05','0000-00-00 00:00:00','0000-00-00 00:00:00'),(1191,326.00,'refund','errored',NULL,191,'2023-05-29 13:03:05','0000-00-00 00:00:00','0000-00-00 00:00:00'),(1201,17.00,'refund','completed',NULL,201,'2023-05-29 13:03:05','0000-00-00 00:00:00','0000-00-00 00:00:00'),(1211,187.00,'refund','pending',NULL,211,'2023-05-29 13:03:05','0000-00-00 00:00:00','0000-00-00 00:00:00'),(1221,418.00,'refund','completed',NULL,221,'2023-05-29 13:03:06','0000-00-00 00:00:00','0000-00-00 00:00:00'),(1231,63.00,'refund','pending',NULL,231,'2023-05-29 13:03:06','0000-00-00 00:00:00','0000-00-00 00:00:00'),(1241,594.00,'refund','pending',NULL,241,'2023-05-29 13:03:06','0000-00-00 00:00:00','0000-00-00 00:00:00'),(1251,463.00,'refund','completed',NULL,251,'2023-05-29 13:03:06','0000-00-00 00:00:00','0000-00-00 00:00:00'),(1261,778.00,'refund','completed',NULL,261,'2023-05-29 13:03:06','0000-00-00 00:00:00','0000-00-00 00:00:00'),(1271,862.00,'refund','pending',NULL,271,'2023-05-29 13:03:06','0000-00-00 00:00:00','0000-00-00 00:00:00'),(1281,592.00,'refund','pending',NULL,281,'2023-05-29 13:03:06','0000-00-00 00:00:00','0000-00-00 00:00:00'),(1291,277.00,'refund','errored',NULL,291,'2023-05-29 13:03:06','0000-00-00 00:00:00','0000-00-00 00:00:00');
/*!40000 ALTER TABLE "transaction" ENABLE KEYS */;
UNLOCK TABLES;

--
-- Table structure for table "warehouse"
--

DROP TABLE IF EXISTS "warehouse";
/*!40101 SET @saved_cs_client     = @@character_set_client */;
/*!50503 SET character_set_client = utf8mb4 */;
CREATE TABLE "warehouse" (
  "id" int NOT NULL AUTO_INCREMENT,
  "name" varchar(255) DEFAULT NULL,
  "location" varchar(255) DEFAULT NULL,
  "surface" int NOT NULL,
  "created_at" datetime NOT NULL DEFAULT CURRENT_TIMESTAMP,
  "updated_at" datetime NOT NULL,
  "deleted_at" datetime NOT NULL,
  PRIMARY KEY ("id")
);
/*!40101 SET character_set_client = @saved_cs_client */;

--
-- Dumping data for table "warehouse"
--

LOCK TABLES "warehouse" WRITE;
/*!40000 ALTER TABLE "warehouse" DISABLE KEYS */;
INSERT INTO "warehouse" VALUES (1,'Senger, Monahan and Stanton','Florence-Graham',74378889,'2023-05-29 13:02:46','0000-00-00 00:00:00','0000-00-00 00:00:00'),(11,'Dearborn','Dearborn',17651268,'2023-05-29 13:02:46','2023-05-31 15:12:02','0000-00-00 00:00:00'),(21,'Parisian - Tromp','Cranston',97003404,'2023-05-29 13:02:46','0000-00-00 00:00:00','0000-00-00 00:00:00'),(31,'Walter, Parisian and Jenkins','Columbus',91159185,'2023-05-29 13:02:46','0000-00-00 00:00:00','0000-00-00 00:00:00'),(41,'Murray, Dooley and Kuvalis','Salina',18773666,'2023-05-29 13:02:46','0000-00-00 00:00:00','0000-00-00 00:00:00'),(51,'Cole Group','Stratford',91916024,'2023-05-29 13:02:46','0000-00-00 00:00:00','0000-00-00 00:00:00'),(61,'Breitenberg, Jerde and Willms','Dearborn Heights',78221960,'2023-05-29 13:02:46','0000-00-00 00:00:00','0000-00-00 00:00:00'),(71,'Bergstrom, Trantow and McClure','Little Rock',16865656,'2023-05-29 13:02:46','0000-00-00 00:00:00','0000-00-00 00:00:00'),(81,'Schaefer - Kessler','San Jose',72454468,'2023-05-29 13:02:46','0000-00-00 00:00:00','0000-00-00 00:00:00'),(91,'Leannon, Cassin and Bashirian','Atlanta',44499532,'2023-05-29 13:02:46','0000-00-00 00:00:00','0000-00-00 00:00:00'),(101,'Jones and Sons','Urbana',50659400,'2023-05-29 13:02:46','0000-00-00 00:00:00','0000-00-00 00:00:00'),(111,'Jones Inc','North Little Rock',60408877,'2023-05-29 13:02:46','0000-00-00 00:00:00','0000-00-00 00:00:00'),(121,'Wehner Group','Coachella',56299382,'2023-05-29 13:02:46','0000-00-00 00:00:00','0000-00-00 00:00:00'),(131,'Kuphal Inc','Champaign',86622558,'2023-05-29 13:02:46','0000-00-00 00:00:00','0000-00-00 00:00:00'),(141,'Ward Group','Great Falls',57208166,'2023-05-29 13:02:47','0000-00-00 00:00:00','0000-00-00 00:00:00'),(151,'Ruecker - Robel','Edina',29912888,'2023-05-29 13:02:47','0000-00-00 00:00:00','0000-00-00 00:00:00'),(161,'Schowalter, Kuvalis and O\'Hara','Peoria',39957656,'2023-05-29 13:02:47','0000-00-00 00:00:00','0000-00-00 00:00:00'),(171,'Sporer, Hartmann and Casper','Bellevue',85882591,'2023-05-29 13:02:47','0000-00-00 00:00:00','0000-00-00 00:00:00'),(181,'Farrell, Johns and D\'Amore','Mount Prospect',98512433,'2023-05-29 13:02:47','0000-00-00 00:00:00','0000-00-00 00:00:00'),(191,'Parker - Breitenberg','Gary',79074006,'2023-05-29 13:02:47','0000-00-00 00:00:00','0000-00-00 00:00:00');
/*!40000 ALTER TABLE "warehouse" ENABLE KEYS */;
UNLOCK TABLES;
SET @@SESSION.SQL_LOG_BIN = @MYSQLDUMP_TEMP_LOG_BIN;
/*!40103 SET TIME_ZONE=@OLD_TIME_ZONE */;

/*!40101 SET SQL_MODE=@OLD_SQL_MODE */;
/*!40014 SET FOREIGN_KEY_CHECKS=@OLD_FOREIGN_KEY_CHECKS */;
/*!40014 SET UNIQUE_CHECKS=@OLD_UNIQUE_CHECKS */;
/*!40111 SET SQL_NOTES=@OLD_SQL_NOTES */;

-- Dump completed on 2024-10-23 10:25:24
